enzyme	seq
Nt_UGT1	MAETASENPHIVILPSPGMGHLIPLVEFSKRLISQHQFSVTLILPTDGPISSQKSFLNSL---PSCMDYHLLPPVNFDDLPLDVKIETRISLTVTRSLSSLREVFKTLVDSKKVVAFVVDLFGTDAFDVAIDFNVSPYIFFPSTAMALSLFLYLPKLDATVSCEYRDLPDPIQIPGCIPIHGKDLLDPVQDRKNEAYRWLLHHSKRYRMAEGVVSNSFKELEGGPIKALQEEEPG
Pt_UGT1	-----APPPHVIIVPSAGMGHLIPLAEFAKRLLPR--FTFTFAVPTSGPPSSQRDFLSSL---PASIDTSFLPEVDLSDAPSDAQIETLMSLMVVRSLPSLRDLIASYSSGRRVAALVVDLFATDAIDVALELGIRPFIFFPSTAMTLSFFLHLEKLDETVSCEFAELSDPVQIPGCIPVHGKDLIDPVQDRKNDAYKWLLHHSKRYKLAEGVIVNSFEGLEGGPIRELLHPEPG
At_72B1	MEE--SKTPHVAIIPSPGMGHLIPLVEFAKRLVHLHGLTVTFVIAGEGPPSAQRTVLDSL---PSSISSVFLPPVDLTDLSSSTRIESRISLTVTRSNPELRKVFDSFVGGRLPTALVVDLFGTDAFDVAVEFHVPPYIFYPTTANVLSFFLHLPKLDETVSCEFRELTEPLMLPGCVPVAGKDFLDPAQDRKDDAYKWLLHNTKRYKEAEGILVNTFFELEPNAIKALQEPGLD
At_72E2	------TKPHAAMFSSPGMGHVIPVIELGKRLSANNGFHVTVFVLETDAASAQSKFLNS-----TGVDIVKLPSPDIYGLVDDDHVVTKIGVIMRAAVPALRSKIAAM--HQKPTALIVDLFGTDALCLAKEFNMLSYVFIPTNARFLGVSIYYPNLDKDIKEEHTVQRNPLAIPGCEPVRFEDTLDAYLVPDEPVYRDFVRHGLAYPKADGILVNTWEEMEPKSLKSLLNPKVA
Mt_71G1	--MSDNKNSELIFIPAPGIGHLASALEFAKLLTNHDNLYITVFCIKFPGMPFADSYIKSVLASQPQIQLIDLPEVEPPPQELLKSPEFYILTFLESLIPHVKATIKTI-LSNKVVGLVLDFFCVSMIDVGNEFGIPSYLFLTSNVGFLSLMLSLKNRQIEEVFDSDRDHQLLNIPGISQVPSNVLPDACFNKD-GGYIAYYKLAERFRDTKGIIVNTFSDLEQSSIDALYDHDEK
Mt_78G1	-----NNLLHVAVLAFPFGTHAAPLLSLVKKIATE-APKVTFFCTTTTNDTLFSRS----NEFLPNIKYYNVHDGPKGYVSS-GNPREPIFLFIKAMQENFKHVIDEAVTGKNITCLVTDAFFWFGADLAEEMHAKWVPLWTAGPHSLLTHVYTDLIREKTSKEVHDVKSIDVLPGFPELKASDLPEGVIKDDVPFATMLHKMGLELPRANAVAINSFATIHPLIENELNSK---
At_76E5	MEKN-AEKKRIVLVPFPLQGHITPMMQLGQALNLK-GFSITVALGDSNRVSSTQ--------HFPGFQFVTIPETPLSQHEA-LGVVEFVVTLNKTSETSFKDCIAHLLHGNDIACIIYDELMYFSEATAKDLRIPSVIFTTGSATNHVCSCILSKLNAEKLIDMKDPEQNMVVENLHPLKYKDLPTSGMGPLERFLEI-CAEVVNKRTASAVIINTSSCLESSSLSWLKQEL--
At_76E4	MEKR-VEKRRIVLVPVAAQGHVTPMMQLGKALQSK-GFLITVAQRQFNQIGSS---L----QHFPGFDFVTIPESPQSESKK-LGPAEYLMNLNKTSEASFKECISQLSQGNDIACIIYDKLMYFCEAAAKEFKIPSVIFSTSSATIQVCYCVLSELSAEKLIDMKDPEQDKVLEGLHPLRYKDLPTSGFGPLEPLLEM-CREVVNKRTASAVIINTASCLESLSLSWLQQEL--
At_76E1	-----GVKRRIVLVPVPAQGHVTPIMQLGKALYSK-GFSITVVLTQYNRVSSSK--------DFSDFHFLTIPGSTESDLKNL-GPFKFLFKLNQICEASFKQCIGQLLQGNDIACVVYDEYMYFSQAAVKEFQLPSVLFSTTSATAFVCRSVLSRVNAESFLDMKDPKSDKEFPGLHPLRYKDLPTSAFGPLESILKV-YSETVNIRTASAVIINSTSCLESSSLAWLQKQL--
At_76E2	MEEKQVKETRIVLVPVPAQGHVTPMMQLGKALHSK-GFSITVVLTQSNRVSSSK--------DFSDFHFLTIPGSTESDLQNL-GPQKFVLKLNQICEASFKQCIGQLLCNNDIACVVYDEYMYFSHAAVKEFQLPSVVFSTTSATAFVCRSVLSRVNAESLIDMKDPEQDKVFPGLHPLRYKDLPTSVFGPIESTLKV-YSETVNTRTASAVIINSASCLESSSLARLQQQL--
At_76E12	MEE-KPARRSVVLVPFPAQGHISPMMQLAKTLHLK-GFSITVVQTKFNYFSPSDDF-------THDFQFVTIPESPESDFKNL-GPIQFLFKLNKECKVSFKDCLGQLVQSNEISCVIYDEFMYFAEAAAKECKLPNIIFSTTSATAFACRSVFDKLYANNQAPLKKGQQEELVPEFYPLRYKDFPVSRFASLESIMEV-YRNTVDKRTASSVIINTASCLESSSLSFLQQQ-QL
At_76E11	MEE-KPAGRRVVLVAVPAQGHISPIMQLAKTLHLK-GFSITIAQTKFNYFSPSD--------DFTDFQFVTIPESPESDFEDL-GPIEFLHKLNKECQVSFKDCLGQLLQGNEIACVVYDEFMYFAEAAAKEFKLPNVIFSTTSATAFVCRSAFDKLYANSLTPLKKGQQNELVPEFHPLRCKDFPVSHWASLESMMEL-YRNTVDKRTASSVIINTASCLESSSLSRLQQQL--
At_85A5	MASHAGQKPHVVCIPFPAQGHINPMLKVAKLLYAR-GFHVTFVNTNYNHNRLIRSRGPNSLDGLPSFRFESIPDGPEENKDVMQDVPTLCESTMKNCLAPFKELLRRINDVPPVSCIVSDGVMSFTLDAAEELGVPDVLFWTPSACGFLAYLHFYRFIEKGLSPIKLDTKINWIPSMKNLGLKDIPSFIRATEDIMLNFFVHEADRAKRASAIILNTFDSLEHDVVRSIQSI---
At_85A4	MEQHGSQKPHAMCIPYPAQGHINPMLKLAKLLHAR-GFHVTFVNTDYNHRRILQSRGPHALNGLPSFRFETIPDGPWTDVDAKQDMLKLIDSTINNCLAPFKDLILRLNDIPPVSCIISDASMSFTIDAAEELKIPVVLLWTNSATALILYLHYQKLIEKEIIPLKLETEIDWIPSMKKIKLKDFPDFVTTTQDPMISFILHVTGRIKRASAIFINTFEKLEHNVLLSLRSL---
At_84A3	-DP--SRHTHVMLVSFPGQGHVNPLLRLGKLIASK-GLLVTFVTTEKPWGKMRQANKIQV--LKPFIRFEFFSDGFADDDEKRFDFDAFRPHLEAVGKQEIKNLVKRY-NKEPVTCLINNAFVPWVCDVAEELHIPSAVLWVQSCACLTAYYYYHHRLVK-FPTKTEPDISVEIPCLPLLKHDEIPSFLHPSYTAFGDIILDQLKRFHKSFYLFIDTFRELEKDIMDHMSQL-CP
At_84A4	ME---SSLPHVMLVSFPGQGHISPLLRLGKIIASK-GLIVTFVTTEEPLGKMRANNIQDGVLKPVGLGFLRFEFFEDGFVY-KEDFDLLQKSLEVSGKREIKNLVKKY-EKQPVRCLINNAFVPWVCDIAEELQIPSAVLWVQSCACLAAYYYYHHQLVK-FPTETEPEITVDVPFKPTLKHDEIPSFLHPSLSSIGGTILEQIKRLHKPFSVLIETFQELEKDTIDHMSQL-CP
At_84A2	-----PLPPHVMLVSFPGQGHVNPLLRLGKLLASK-GLLITFVTTESWGKKMRNKIQDRVLKPKGYLRYDFFDDGPEDDEASRTNLTILRPHLELVGKREIKNLVKRYKTKQPVTCLINNPFVSWVCDVAEDLQIPCAVLWVQSCACLAAYYYYHHNLVD-FPTKTEPEIDVQISGMPLLKHDEIPSFIHPSHSALREVIIDQIKRLHKTFSIFIDTFNSLEKDIIDHMSTL--S
At_84A1	-----PNPIHVMLVSFQGQGHVNPLLRLGKLIASK-GLLVTFVTTELWGKKMRQANKIVK----PSIRFEFFDEEWAEDDDRRADFSLYIAHLESVGIREVSKLVRRYEANEPVSCLINNPFIPWVCHVAEEFNIPCAVLWVQSCACFSAYYHYQDGSVS-FPTETEPELDVKLPCVPVLKNDEIPSFLHPSFTGFRQAILGQFKNLSKSFCVLIDSFDSLEQEVIDYMSSL---
At_84B1	MGSSEGQETHVLMVTLPFQGHINPMLKLAKHLSLSSNLHINLATIESARDLLST-----VEKPRYPVDLVFFSDGLPKEDP--KAPETLLKSLNKVGAMNLSKIIE----EKRYSCIISSPFTPWVPAVAASHNISCAILWIQACGAYSVYYRYYM-KTNSFPDLEDLNQTVELPALPLLEVRDLPSFMLPSGAHFYNLMAEFADCLRYVKWVLVNSFYELESEIIESMADL---
At_84B2	MGSNEGQETHVLMVALAFQGHLNPMLKFAKHLART-NLHFTLATTEQARDLLSSTA----DEPHRPVDLAFFSDGLPKDDP--RDPDTLAKSLKKDGAKNLSKIIE----EKRFDCIISVPFTPWVPAVAAAHNIPCAILWIQACGAFSVYYRYYM-KTNPFPDLEDLNQTVELPALPLLEVRDLPSLMLPSGANVNTLMAEFADCLKDVKWVLVNSFYELESEIIESMSDL---
At_75B1	-------PPHFLLVTFPAQGHVNPSLRFARRLIKRTGARVTFVTCVSVFHNMIANH-----NKVENLSFLTFSDGDDGGISTYEDRQKRSVNLKVNGDKALSDFIEATKGDSPVTCLIYTILLNWAPKVARRFQLPSALLWIQPALVFNIYYTHFMGN----------KSVFELPNLSSLEIRDLPSFLTPSNKGAYDAFQEMMEFLETKPKILINTFDSLEPEALTAFPNI---
At_75D1	MANNNPTGPHFLFVTFPAQGHINPSLELAKRLAGTIGARVTFAASISAYNRMFST--EN---VPETLIFATYSDGHDDGFKSSAYSGNFMSEMRRRGKETLTELIEDNRQNRPFTCVVYTILLTWVAELAREFHLPSALLWVQPVTVFSIFYHYFNGYEDAISEMATPSSSIKLPSLPLLTVRDIPSFIVSSYAFLLPAFREQIDSLKENPKILINTFQELEPEAMSSVPDN---
At_74F1	MEK---MRGHVLAVPFPSQGHITPIRQFCKRLHSK-GFKTTHTLTTFIFNTIH---LD----PSSPISIATISDGDQGGFSSAGSVPEYLQNFKTFGSKTVADIIRKHQTDNPITCIVYDSFMPWALDLAMDFGLAAAPFFTQSCAVNYINY-LSYINN--------GSLTLPIKDLPLLELQDLPTFVTPTHLAYFEMVLQQFTNFDKADFVLVNSFHDLDLHEEELLSKV---
At_74F2	MEH---KRGHVLAVPYPTQGHITPFRQFCKRLHFK-GLKTTLALTTFVFNSINPD-L------SGPISIATISDGDHGGFETADSIDDYLKDFKTSGSKTIADIIQKHQSDNPITCIVYDAFLPWALDVAREFGLVATPFFTQPCAVNYVYY-LSYINN--------GSLQLPIEELPFLELQDLPSFFSVSYPAYFEMVLQQFINFEKADFVLVNSFQELELHENELWSKA---
At_74B1	MAETTKVKGHVVILPYPVQGHLNPMVQFAKRLVSK-NVKVTIATTTYTASSITTP----------SLSVEPISDGDFIPIP-GFSVDTYSESFKLNGSETLTLLIEKFKTDSPIDCLIYDSFLPWGLEVARSMELSAASFFTNNLTVCSVLRKFSNGDFPL--PADPNSAPFRIRGLPSLSYDELPSFVGRHHPEHGRVLLNQFPNHENADWLFVNGFEGLEETQDCENGES--D
At_78D2	MTKPSTRDSHVAVLAFPFGTHAAPLLTVTRRLASASSTVFSFFNTAQSNSSLFSSG-DE-ADRPANIRVYDIADGPEGYVFSG-RPQEAIELFLQAAPENFRREIAKAEVGTEVKCLMTDAFFWFAADMATEINASWIAFWTAGANSLSAHLYTDLIRETIVKEVGMEETIGVISGMEKIRVKDTPEGVVFGDSVFSKMLHQMGLALPRATAVFINSFEDLDPTLTNNLRSR---
At_78D1	------RDSHVAVLAFPVGAHAGPLLAVTRRLAAA-SPSTIFSFFNTARSNAS--LFS--SDHPENIKVHDVSDGPEGTML--GNPLEMVELFLEAAPRIFRSEIAAAEVGKKVTCMLTDAFFWFAADIAAELNATWVAFWAGGANSLCAHLYTDLIRETILKDVSMEETLGFIPGMENYRVKDIPEEVVFEDSVFPKALYQMSLALPRASAVFISSFEELEPTLNYNLRSK---
At_71C1	MGK--QEDAELVIIPFPFSGHILATIELAKRLISQDNPRIHTITILYWGLPDTIAFLRSLVKNEPRIRLVTLPEVDPPPMELVEFAESYILEYVKKMVPIIREALSTLLGSVRVAGLVLDFFCVPMIDVGNEFNLPSYIFLTCSAGFLGMMKYLPERHREIKSEFNFNEELNLIPGYVSVPTKVLPSGLFMKE--TYEPWVELAERFPEAKGILVNSYTALEPNGFKYFDRCPDN
At_71C2	MAK--QQEAELIFIPFPIPGHILATIELAKRLISHQIHTITILHWSLPFLPDTIAFLKSLIETESRIRLITLPDVNPPPMELVKASESYILEYVKKMVPLVRNALSTLLDSVHVAGLVLDFFCVPLIDVGNEFNLPSYIFLTCSASFLGMMKYLLERNRETKPELNSDEETISVPGFVSVPVKVLPPGLFTTE--SYEAWVEMAERFPEAKGILVNSFESLERNAFDYFDRRPDN
At_71C3	------AEAEIIFVTYPSPGHLLVSIEFAKSLIKRDIHTITILYWALPLAPQAHLFAKSLVASQPRIRLLALPDVNPPPLELFKAPEAYILESTKKTVPLVRDALSTLVGSVRVVGLVIDFFCVPMIEVANELNLPSYIFLTCNAGFLSMMKYLPERHRITTSELDSGNVEHPIPGYVSVPTKVLPPGLFVRE--SYEAWVEIAEKFPGAKGILVNSVTCLEQNAFDYFARLDEN
At_71C4	-------ETELIFIPVPSTGHILVHIEFAKRLINLDIHTITILNLSSPSSPHASVFARSLIASQPKIRLHDLPPIDPPPFDLQRAPEAYIVKLIKKNTPLIKDAVSSIVDSVQVAGLVLDLFCSLVKDVGNELNLPSYIYLTCNARYLGMMKYIPDRHRKIASEFDSGDEELPVPGFIAIPTKFMPPGLFNKE--AYEAYVELAPRFADAKGILVNSFTELEPHPFDYFSHL-EK
At_71C5	-------TAELIFVPLPETGHLLSTIEFGKRLLNLDRISITILSMNLPYAPHADASLASLTASEPGIRIISLPEIDPPPIKLDTSSETYILDFIHKNIPCLRKTIQDLVGSSHVAGLILDFFCVGLIDIGREVNLPSYIFMTSNFGFLGVLQYLPERQRLTPSEFDSGEEELHIPAFVRVPAKVLPPGVFDKL--SYGSLVKIGERLHEAKGILVNSFTQVEPYAAEHFSQG-RD
At_71B8	-------KFALVFVPFPILGHLKSTAEMAKLLVEQERLSISIIILPLLSGDSASAYISALSAANDRLHYEVISDGDQPTVG--LHVDNHIPMVKRTVAKLVDDYSRR-PDSPRLAGLVVDMFCISVIDVANEVSVPCYLFYTSNVGILALGLHIQMLFDKKEYSVSDSEVVLDVPSLTPYPVKCLPYGLATKE--WLPMYLNQGRRFREMKGILVNTFAELEPYALESLHSS-GD
At_71B6	-------KIELVFIPSPAISHLMATVEMAEQLVDKNNLSITVIIISFSSKNTS--MITSL-TSNNRLRYEIISGGDQQPTEL-----KATDSHIQSLKPLVRDAVAKLVDAPRLAGFVVDMYCTSMIDVANEFGVPSYLFYTSNAGFLGLLLHIQFMYDAEDYDLEDSDVELVVPSLTPYPLKCLPYIFKSKE--WLTFFVTQARRFRETKGILVNTVPDLEPQALTFLSNG--N
At_71B5	-------KIELVFIPLPGIGHLRPTVKLAKQLIGSERLSITIIIIPSRFDADASACIASLTTLDDRLHYESISVAKQPPTSD-PDPVPA-QVYIEKQKTKVRDAVAARIPTRKLAGFVVDMFCSSMIDVANEFGVPCYMVYTSNATFLGTMLHVQQMYDQKKYDVSNSVTELEFPSLTPYPVKCLPHILTSKE--WLPLSLAQARCFRKMKGILVNTVAELEPHALKMFNINGDD
At_71B1	-------KVELVFIPSPGVGHIRATTALAKLLVASDRLSVTLIVIPSRVSDASSSV---YTNSEDRLRYILLPARDQ---------TTDLVSYIDSQKPQVRAVVSKVASDSRLAGIVVDMFCTSMIDIADEFNLSAYIFYTSNASYLGLQFHVQSLYDEKELDFKDTEMKFDVPTLTPFPAKCLPSVMLNKK--WFPYVLGRARSFRATKGILVNSVADMEPQALSFFSGGNTN
At_88A1	--------EAIVLYPAPPIGHLVSMVELGKTILSKNSLSIHIILVPPPYQPSTATYISSVSSSFPSITFHHLPAVPYSSSSSRHHHESLLLEILCFSNPSVHRTLFSLSRNFNVRAMIIDFFCTAVLDITADFTFPVYFFYTSGAACLAFSFYLPTIDETTPGKNLKDIPTVHIPGVPPMKGSDMPKAVLERDDEVYDVFIMFGKQLSKSSGIIINTFDALENRAIKAITEEL-C
At_72E3	------TKPHAAMFSSPGMGHVLPVIELAKRLSANHGFHVTVFVLETDAASVQSKLLNS-----TGVDIVNLPSPDISGLVDNAHVVTKIGVIMREAVPTLRSKIVAM--HQNPTALIIDLFGTDALCLAAELNMLTYVFIASNARYLGVSIYYPTLDEVIKEEHTVQRKPLTIPGCEPVRFEDIMDAYLVPDEPVYHDLVRHCLAYPKADGILVNTWEEMEPKSLKSLQDPKVA
At_72E1	------------MFASPGMGHIIPVIELGKRLAGSHGFDVTIFVLETDAASAQSQFLNSPGCDAALVDIVGLPTPDISGLVDPAFFGIKLLVMMRETIPTIRSKIEEM--QHKPTALIVDLFGLDAIPLGGEFNMLTYIFIASNARFLAVALFFPTLDKDMEEEHIIKKQPMVMPGCEPVRFEDTLETFLDPNSQLYREFVPFGSVFPTCDGIIVNTWDDMEPKTLKSLQDPKIA
At_72D1	-------QPHALLVASPGLGHLIPILELGNRLSSVLNIHVTILAVTSGSSSTETEAI-HAAAARTICQITEIPSVDVDNLVEDATIFTKMVVKMRAMKPAVRDAVKLM--KRKPTVMIVDFLGTELMSVADDVGMTAYVYVPTHAWFLAVMVYLPVLDTVVEGEYVDIKEPLKIPGCKPVGPKELMETMLDRSGQQYKECVRAGLEVPMSDGVLVNTWEELQGNTLAALREDEVM
At_72C1	--------LHGALVASPGMGHAVPILELGKHLLNHHGFDVTVFLVTDDVSRSKSLIGKTLMEEDPKFVIRFIPDVSGQDLS--GSLLTKLAEMMRKALPEIKSSVMEL--EPRPRVFVVDLLGTEALEVAKELGIMRHVLVTTSAWFLAFTVYMASLDKQELYKQLSSIGALLIPGCSPVKFERAQDPRKYIRELAES--QRIGDEVITADGVFVNTWHSLEQVTIGSFLDPEMR
At_72B3	MAD--GNTPHVAIIPSPGIGHLIPLVELAKRLLDNHGFTVTFIIPGDSPPSAQRSVLNSL---PSSIASVFLPPADLSDVPSTARIETRISLTVTRSNPALRELFGSLSEKRLPAVLVVDLFGTDAFDVAAEFHVSPYIFYASNANVLTFLLHLPKLDETVSCEFRELTEPVIIPGCVPITGKDFVDPCQDRKDESYKWLLHNVKRFKEAEGILVNSFVDLEPNTIKIVQEPAPD
At_73C3	MATEKHPSLHFVLFPFMAQGHMIPMIDIARLLAQR-GVTITIVTTPHNAARFK-NVLNRAIESGLAINILHVKPYQEFGLPEGKENTELMVPF-FKAVNLLEDPVMKLMMKPRPSCLISDWCLPYTSIIAKNFNIPKIVFHGMGCFNLLCMHVLRR-NLEILENVKSDEEYFLVPSFPRVEFTKLQLPVKANSGDWKEIMDEMVKAEYTSYGVIVNTFQELEPPYVKDYKEAM--
At_73C4	MASEKHPPLHFILFPFMAQGHMIPMIDIARLLAQR-GATVTIVTTRYNAGRFE-NVLSRAMESGLNIVHVNFPYQEF-GLPEGKENMELMVPF-FQAVNMLEDPVMKLMMKPRPSCIISDLLLPYTSKIARKFSIPKIVFHGTGCFNLLCMHVLRR-NLEILKNLKSDKDYFLVPSFPEFTKPQVPVETTA-SGDWKAFLDEMVEAEYTSYGVIVNTFQELEPAYVKDYTKA--R
At_73C5	---ETSSPLHFVLFPFMAQGHMIPMVDIARLLAQR-GVIITIVTTPHNAARFK-NVLNRAIESGLNLVQVKFPYLEA-GLQEGQENMERMIPF-FKAVNFLEEPVQKLIMNPRPSCLISDFCLPYTSKIAKKFNIPKILFHGMGCFCLLCMHVLRK-NREILDNLKSDKELFTVPDFPEFTRTQVPVETYVPAGDWKDIFDGMVEANETSYGVIVNSFQELEPAYAKDYKEV--R
At_73C6	-----PFPLHFVLFPFMAQGHMIPMVDIARLLAQR-GVLITIVTTPHNAARFK-NVLNRAIESGLPINLVQVKPYQEAGLQEGQENMEQITSF-FKAVNLLKEPVQNLIMSPRPSCLISDMCLSYTSEIAKKFKIPKILFHGMGCFCLLCVNVLRK-NREILDNLKSDKEYFIVPYFPEFTRPQVPVETYVPA-GWKEILEDMVEADKTSYGVIVNSFQELEPAYAKDFKEA--R
At_73C1	MASEFRPPLHFVLFPFMAQGHMIPMVDIARLLAQR-GVTITIVTTPQNAGRFK-NVLSRAIQSGLPINLVQVKPSQESGSPEGQENS----LTFFKAFSLLEEPVEKLLIQPRPNCIIADMCLPYTNRIAKNLGIPKIIFHGMCCFNLLCTHIMHQ-NHEFLETIESDKEYFPIPNFPEFTKSQLPMVLVAGD--WKDFLDGMTEGDNTSYGVIVNTFEELEPAYVRDYKKV--K
At_73C7	-CS--HDPLHFVVIPFMAQGHMIPLVDISRLLSQRQGVTVCIITTTQNVAKIKTS-L-SFSSLFATINIVEVKFLQQTGLPEGCESMGDMVKF-FDAANSLEEQVEKAMVQPRPSCIIGDMSLPFTSRLAKKFKIPKLIFHGFSCFSLMSIQVVRE--SGILKMIESNDEYFDLPGLPKVEFTKPQVSVLQPEGNMKESTAKIIEADNDSYGVIVNTFEELEVDYAREYRKA--R
At_73B2	MGSDHHRKLHVMFFPFMAYGHMIPTLDMAKLFSSR-GAKSTILTTSLNSKILQK-PIDTFKNLNPDIQIFNFPCVEL-GLPEGCENNEMIVKF-FFSTRFFKDQLEKLLGTTRPDCLIADMFFPWATEAAGKFNVPRLVFHGTGYFSLCAGYCIGV--HKPQKRVASSSEPFVIPELPVITEEQIIDG--DGESDMGKFMTEVRESEVKSSGVVLNSFYELEHDYADFYKSC--V
At_73B3	MSSDPHRKLHVVFFPFMAYGHMIPTLDMAKLFSSR-GAKSTILTTPLNSKIFQK-PIERFKNLNPDIQIFDFPCVDL-GLPEGCENRQYLTLKFFKSTRFFKDQLEKLLETTRPDCLIADMFFPWATEAAEKFNVPRLVFHGTGYFSLCSEYCIRVHNPQ--NIVASRYEPFVIPDLPVITQEQIAD--RDEESEMGKFMIEVKESDVKSSGVIVNSFYELEPDYADFYKSV--V
At_73B1	-----VSKLHFLLFPFMAHGHMIPTLDMAKLFATK-GAKSTILTTPLNAKLFFEKPIKSFNQDNPTIQILNFPCTEL-GLPDGCENTDFIFSTPDLNVGDLEEPLEELLVTMRPDCLVGNMFFPWSTKVAEKFGVPRLVFHGTGYFSLCASHCIRL-----PKNVATSSEPFVIPDLPLITEEQVME--TEEESVMGRFMKAIRDSERDSFGVLVNSFYELEQAYSDYFKSF--V
At_73B4	---------------------------MAKLFARR-GAKSTLLTTPINAKILEKP-IEAFKVQNPGIKILNFPCVEL-GLPEGCENRDFINSYQKSDSFDLKQQLESFIETTKPSALVADMFFPWATESAEKIGVPRLVFHGTSSFALCCSYNMRI-H-KPHKKVASSSTPFVIPGLPDIVITEDQANVTNEETPFGKFWKEVRESETSSFGVLVNSFYELESSYADFYRSF--V
At_73B5	MNREVSERIHILFFPFMAQGHMIPILDMAKLFSRR-GAKSTLLTTPINAKIFEK-PIEAFKNQNPGIKIFNFPCVEL-GLPEGCENADFINSYQKSDSGDLKQQLESFIETTKPSALVADMFFPWATESAEKLGVPRLVFHGTSFFSLCCSYNMRI-H-KPHKKVATSSTPFVIPGLPDIVITEDQANVAKEETPMGKFMKEVRESETNSFGVLVNSFYELESAYADFYRSF--V
At_89B1	----NPTKTHVLIFPFPAQGHMIPLLDFTHRLALRGALKITVLVTPKNLPFL-SPLLSAVVNIEPLILPFPSHPSIPSGVENVQDLPPSGFPLMIHALGNLHAPLISWIHPSPPVAIVSDFFLGW----TKNLGIPRFDFSPSAAITCCILNTLWI-EMPTKINEDDDNEILHFPKIPKYRFDQISSLYRSYGDPAWEFIRDSFRDNVASWGLVVNSFTAMEGVYLEHLKRE-MG
At_89C1	MTTTTTKKPHVLVIPFPQSGHMVPHLDLTHQILLR-GATVTVLVTPKNSSYLD--ALRSL-HSPEHFKTLILPSHPPSGVESQQLPLEAIVHM-FDALSRLHDPLVDFLPSDLPDAILGSSFLPWINKVADAFSIKSISFLPINAHSISVMWAQED----------------------------------------RSFFNDLETATTESYGLVINSFYDLEPEFVETVKTRFLN
VVGT1	MSQ-TTTNPHVAVLAFPFSTHAAPLLAVVRRLAAAA-PHAVFFSTSQSNASIFHDS---MHTMQCNIKSYDISDGPEGYVFA-GRPQEDIELFTRAAPESFRQGMVMAVTGRPVSCLVADAFIWFAADMAAEMGLAWLPFWTAGPNSLSTHVYIDEIREKIGVSIQEDELLNFIPGMSKVRFRDLQEGIVFGNSLFSRMLHRMGQVLPKATAVFINSFEELDDSLTNDLKSK---
At_76C4	MEK--SNGLRVILFPLPLQGCINPMIQLAKILHSR-GFSITVIHTCFNAPKASS---------HPLFTFIQIQDGSETETRT-RDVKLLITLLNQNCESPVRECLRKLLEKQRISCLINDSGWIFTQHLAKSLNLMRLAFNTYKISFFRSHFVLPQLRREMFLPLQDSEQDDPVEKFPPLRKKDLLRILEADS-VQGDSYSDMIEKTKASSGLIFMSCEELDQDSLSQSRED--F
Am_88D3	MGEE-YKKTHTIVF-HTSEEHLNSSIALAKFITKHHSISITIISTAPAESSEVAKIIN-----NPSITYRGLTAVALPELTSNKNPVELFFEIPRLQNANLREALLDISRKSDIKALIIDFFCNAAFEVSTSMNIPTYFDVSGGAFLLCTFLHHPTLHQTVRGDIADLNDSVEMPGFPLIHSSDLPMSLFYRKTNVYKHFLDTSLNMRKSSGILVNTFVALEFRAKEALSNGLGP
At_71D1	-------NVELIFIPTPTVGHLVPFLEFARRLIEQDRIRITILLMKLQGQSHLDTYVKSIASSQPFVRFIDVPELEKPTLGSTQSVEAYVYDVIERNIPLVRNIVMDILDGVKVKGLVVDFFCLPMIDVAKDISLPFYVFLTTNSGFLAMMQYLADRHSRDTSVVRNSEEMLSIPGFVPVPANVLPSALFVED--GYDAYVKLAILFTKANGILVNSSFDIEPYSVNHFLQE-QN
Bm_88D9	-------------VLYSSAEHLNSMLVPAKFISKH-HPSISVIIISTAAESAAAS-VA----SVPSITYHRLPSAPLPPDLTT-SIIELFFEIPRFHNPFLHEALLEISQKSNLRAFLIDFFCNSTFEVSTSLNIPTYFYLSGGACGLCALLYFPTIDEAVSPDIGELNDFLEIPGCPPVHSLDFPKAMWFRRSNTYKHFLDTAGNMRRASGIVTNSFDAIEFRAKEALSNSLLA
Ct_71E5	-----MTNSELVFIPSPGAGHLPPTVELAKLLLRRHRLSITIIIMKAPFGGAYD---TAKLDSTPRLRCVEIPSDDSTAA--LISPTAFLTAFIDHHKPHVRNIVRESIGTVRLAGFVVDMFCVDMVDVANEFGAPTYAYFTSGAAMLGLMFHLQAKRDDDNLDVTNSRSVISVPSYIPVPVNVLLDVLFDKN--GAKMFLDLAKRFRETKGIIVNSFRELESHAIEVLSDD-PD
Dc_71F5	-------STELVIVPAPGMGHLVSTVQLAKVILKKYFISISIFIINLPMHSKISSYVDSQSRDNPRLLFTTLPPVTITSDP---TSLGFFTDFIKLHKPLVKRAVEERVGSPKPAGFVLDMFCTTMVDVANELGIPSYLFLTCGVNFLNFVYYVESLADEHGLGARDPEFESVVSGFRPITSKIIPGIFKGE--FGSGMILNLAKEFKKMKGILVNSYVELESFEIQALQNSDKK
Fe_71U1	------KKAELVFIPSPGAGHTVSAAEFANRLIARDRISVTILTMSSPFTTAASS-TSTYPNPEPSVRYISLPQVQLPPIKIQDSIEEYISTFAASHSHFVRNELISLQKSPEPVYLVVDMFCTAFIDVANELGIPSYVFFTSGSAFLGLRLNLPDLYERTIAKFIESEPEFEIPSFRPVPASGFPGFAFNKS--GYTSFMNHARKFQETKGIMVNTFAELEPYAIKSLTEISNK
Fe_72AC1	------ERPHIFMLPSPGMGHFIPLIELAKILASHHRVSATILVPTTGSGHAQKPFLDSL---PNGINYLLLPPVELDDVVDDARFEVRVLLLMSRSIPFVRDAMA----GCRISAFVADPFGIDAFEIAKEFGIPSYLYFPASATSLVFFLHLPDLDGSVFGEFGDLPSPVLLPGCAPLHGKDLLDSVQDRKNEAYQWILHLSKKAVLPDGIMLNSFAMLEPGPIRALLQEKPG
Fe_72B19	-----GQPPHVVIFPSPGMGHLIPLTEFAKRLIPR--FTFTFAVPTAGEPSAQRSFLSAL---PAGIDSVFLPSVSMSDVPSDARIETLMSIMVSRSLPSLRDLLLS---RSPVAVLLVDLFGTDAFDVAFEVGITPYIFFPSTAMGLSLFLHLEKLDESVSCEYADLTEPVKIPGCVPVHGRDLLDPVQDRKNDAYKWVLHHCKRYKLAKGIIVNSFEAVERGAIRALVQA---
Fe_88J1	--------EAIVFYSAPGMGHIVSMAELANLIRRHHYVSFTVIYGSQPFEPTTTTAISQIANSSPSISFLHLPQHPINTFPAR-SPAAMAFESIRKSAPDFAESLRRISAGTKIRSLVIDLFCGTALPIAAEQGIPVYYFFTSGSAALAAYLHMPTIHQRVGGRFKSPDLLIDIPGLPSIPADEMPEPLLDAKDPAYPEMVYFCECLQKSKGILVNTFDELEPVVTEAIDSGAGP
Fi_88A10	---------TIVLYPSPGMGHLISMVELGKFILKHHSFTIAILIVPPSFNTSTASYIDRVSAATNSITFHHLPTISL-ELDSFSSMEALIFEAIRLSNPHVHHALQHISLTTTITALIIDFFCTPAISISTKLGIPTYYFFTSGISSLAFFLYLPVIHRNTVKSFKDLNSLVDIPGLPPIPSSDVAKPILDRASTEYACFLDFSLHLPKSAGVIVNSFNSLEPKTLKAISEGSGA
Gj_71A23	-------NQELVFIPSAVMSHLVSTVELAKLLIDRNHLSITVLIMKLPYEKVGNYTYPQTEASDSRIRFLELKKDES--ASQTVSPILFIYQFVEDHKNSARDVLTEISASSDLVGVVVDMFCSSMIDVANEFGVPSYVFYTSGAAMLGLMLHLQSLRDDFGEDYENSKVELAVPTYIPVPVKVLPSRLFDME-GGGNMFLNLTKRFRETKGIVINSFFELESHAIQALSND-KT
Gj_88F6	--------NTLVLYPAPGIGHMISMLELAKLILRHYKFSRIHILINTGFRDMKSTYLDHISSTNPSIVVHQFPFIQA-DLSSSLSPPAIGFKFIRKNAPNVHHALQEISKTSSIRALIIDFFCTSAMPYSNNLGIPVYYFFTSGAAAVALFLYFPTIHKQTSESFKDLVTKFDVPGLPPIPATQMPEPVLDRDDPAYDDILYYSVHLPKSSGIIVNTFDELEPIALKAITDGLAP
Gm_88E3	--------DTIVLYPNLGRGHLVSMVELGKLILTHHSLSITILILTPPTTPTTTQYIATVTATTPSITFHRVPLAALPFNTPFLPPHLLSLELTRHSTQNIAVALQTLAKASNLKAIVIDFMNPKALTENLNNNVPTYFYYTSGASTLALLLYYPTIHPTLIEKDTDQPLQIQIPGLSTITADDFPNECKDPLSYACQVFLQIAETMMGGAGIIVNTFEAIEEEAIRALSEDATV
Lc_71A12	------------------MGHLVSTVEMAKQLVDREQLSITVLIMTLPTETI-PSYTKSLSSNTSRIRLLELTQPETSVMGSATHPMKFMSEFITSYKGRVKDAVADMFSSVKLAGFVIDMFCTAMIDVANDFGVPSYLFYTSGAAMLGLQFHFQSLISQNVLSYLDSESEVLIPTYIPVPVKFLPGLILDND-EYSIMFLDLAGRFKETKGIMVNTFVEVESHALKALSDD-EK
Lc_72B10	MAETPVVTPHIAILPSPGMGHLIPLVEFSKRLIQNHHFSVTLILPTDGPVSAQKIYLNSL---PCSMDYHLLPPVNFDDLPLDTKMETRISLTVTRSLPSLREVFKTLVETKKTVALVVDLFGTDAFDVANDFKVSPYIFYPSTAMALSLFLYLPKLDETVSCEYTDLPDPVQIPGCIPIHGKDLLDPVQDRKNEAYKWVLHHSKRYRMAEGIVANSFKELEGGAIKALQEEEPG
Lj_72AG1	-----ATKPHAALLASPGMGHLIPTVELGKRLLTHHGFDVTIFVVTTDSSTTTSQTLQQT-SNLTALNIVVLPPVDLSTLVLDPSVGTQIVLTILESIPLLRSFFLSM--KLPPSALIVDLFGTVAIPLARELGMSTYIFLATSAWFSAVTIYLPFMDKEMEERHAYKHEPLFIPGCEPVRFEDTLESFLSPDGPMYQLYLPVAKEVVSADGILINTWQDLEPAATNAVRKHEFS
Lj_72L6	ME----KKIHIAVVPSIGFSHLAPILQFSKRLVHLHHFHVTCLIPSLGSPPASQTILQNL---PPNITYTFLPPVNPNDLPQGIDIVIQIQLTLTHSLPSIHQALNSLTIRIPHVALVVDSLALVALDFAQEFNMLSYVYFPAAATTLSLHFYVPKLDKETSCEYRDLPDPIQIPGCVPLHGKDLYTPAQERSGQTYQSLLQRINRYCSVDGVFVNSFLELETGPIRALTEEGRG
Lj_72V3	MEDMQNQPPHVVLLSSPGLGHLIPIIELGKRFLRHHNFKVTILAVTFQASNAEAEVLRS-----SLCDVIEIPPPDLPAGA-GAALATRLCMTMRAAVPAIRAVLSTM--QLRPSAFIVDIFGTDSLPVAAELNIRKFVYVTSHAWFLSLLVYLSVLDEIIEGQYVDQNKPLTIPGSSPVRPEDVFDPMQDRNDMQYSECLTLGKAIPRSDGVLVNTWEELQCRDLEALRDQNVL
Lj_72Z2	-A----KTIHIAAVSIPAFSHQASIIEFCKKLLHLHHYHVTCIFPTIDAPVATLKLLQS---LPSTIDFKFLPPVNKQDLPQDVSPAVQIQLAVSQSMPSFRDTMRSLHTTPHLTALIADPFANEALEIGKEFNLLSYIYFPPSAMTLSLFLHLPKLHEEVSCEYRDLTEPIQIPGCIPIQGQDLPEHFQDRSSLAYDLILKRCKRFSLADGFLVNSFLELEEGTVKALQEQNNR
Lu_71M1	-------QTQLAFLPAPAVGHLVSIIEFARHLLCRDNFSVLVLVIKLPPPDI-DNYIQSISSTNDRIKFLTLSRLSPPPSPSPQSPEAVISAVIEAHKPLVKEAII---LNGHVAGLVIDLFCTSMIDVANELGIPSFLFFTSSIAFLGFMLYLPIRHDRVGTGFEDPAESVLVPSYAPISPRFLPSVLLDNRGGGYSTMTYHGRRFWETKGIIVNSFAELEPHAVKSITSLLAL
Lu_71P1	-----TKRAELVFIPSPGVGHITALAQLAQLLVARDNLWITILIMHLPHGDANTTALASTSSASDRVKFVDLPPNDAAVDPAA---KDVVSFFMYSYKSHIRDAVSKLVQSPFLSGFLVDMFCTTFIDVAVEFGLPSYVFYTSGAGCLNLTLYFQNLRDAQNVPVSNPVADWKIEGFASIPGKVLPRPVLNPY--QCDGFLNFVQNYRNAKGIVINTFPELESATIEHLSKG--G
Lu_71Q2	-----AATLQLVLVPSPGAGHVFPMVELANQLLNRYALAVTVCIMKMPFKSTSFDFATYKSSHVDRIKFIDLDPPTL---DPNTPPSKRFSSFLEGHAPQVKKILSEHVASNVSPSVVLDMFCTSFMADAKELGVPSYVFYTFSATFLGLMFQLQALYDEGRFNIKSDTEFVEISSLKPIPGNLLPSAVVEPD-LLLSLITHTRRTKEYASGILINTFQDFESHAIASLNAGQQT
Lu_72M2	-----KANLRVVMVPSPGRGHLIPFVELSKRLLLRHNFAITILIPDNGSDMPQRQFLQSL-NLPPTISPLYLPPVSLSDLPSDADSITRVPLTVIRSLPAIRDAIINLQLCGRVVAVVVDFLGADALQVATQLQIPPYVFYTCSAFHLTLGLNAPQLLHPTHQE--DSTKLLKLPGCIPLLGADLPEPYIDKKKDAYKWMVHSHERISDAVGIIINSFVDLESDIFKALTEERGS
Lu_72Q1	-------KFHVAVLASPGLGHVTPLFELAKRLVTHFDLHVTFLVITSTIPSAQDQLLHSA-TLPQDLHVVDLPPVDASSLVTD--DMLLLTQLCVMVQHSLNSSLKSALLQIKPKALIIDIFCTQAFDICKDLHIPVYSFFTASAALMTLSLYLPTMDRDIQGQFVYLPEPVNVPGCTPIRTHDLLDQVRNRNNDEYKWYLYHVARLPLAAGIFLNSWEGIEPVSIKAVKEHSIP
Lu_88G1	---------TIVLYPSPGRGHIVSTVEFGKLLLRHYAVTITVFVIPLPFESSTDSYLHEVSTSVPSITFLTLPLLSPPAAPSTTAIPTLLYQLPLLQNSNFRHLITDLSKSMKIKALVIDFFCNAAVSVADDIKIPCYFYFTSCLYGLAIFLYFPVIHESSEVSLKDPDSLVPIPGLQSIPSEDIPPAMADRGGRAYSGFISTAYNMVKSAGIIVNTFELLEGNAFRAISEGRKS
Mt_72L1	-----DKTIHIAVVPGVGYGHLVPILHFSKLLIQLHDIHVTCIIPTLGSPPSSETILQTL---PSNIDYMFLPEVQPSDLPQGLPMEIQIQLTVTNSLPYLHEALKSLALRIPLVALVVDAFAVEALNFAKEFNMLSYIYFCAAASTLAWSFYLPKLDEETTCEYRDLPEPIKVPGCVPLHGRDLLTIVQDRSSQAYKYFLQHVKSLSFADGVLVNSFLEMEMGPINALTEEGSG
Mt_88E1	--------DTIVLYPAFGSGHLMSMVELGKLILTHHSFSIKILILTPPNQDTNSQYISSVSNKFPSINFHYIPSISFTFT---LPPHLQTLELSPRSNHHVHHILQSIAKTSNLKAVMLDFLNYSASQVTNNLEIPTYFYYTSGASLLCLFLNFPTFHKNATIPIKNMHTPIELPGLPRLSKEDYPDEGKDPSSPSYQVLLQSAKSLRESDGIIVNTFDAIEKKAIKALRNGLGT
Nt_71A6	-------TTELVFIPAPGMGHLVPTVEVAKQLVDRDQLSITVLIMTLPLETNIPSYTKSLSSDSSRITLLQLSQPETSVSMSS-FNAINFFEYISSYKDRVKDAVNETFSSVKLKGFVIDMFCTAMIDVANEFGIPSYVFYTSNAAMLGLQLHFQSLSIEYSPKVHDPESEVAISTYIPIPVKCLPGIILDND-KSGTMFVNHARRFRETKGIMVNTFAELESHALKALSDD-EK
Os_72F1	-----PHQPRVLLLCSPCLGHLIPFAELARRLVADHGLAATLLFASARSPPSEQYLAVAASVLAEGVDLVALPAPPADALPGDASVRERAAHAVARSVPRVRDVARSLAATAPLAALVVDMIGAPARAVAEELGVPFYMFFTSPWMLLSLFLHLPSLDADAARAHRDATEPIRLPGCVPIHAHDLPSSMADRSSATYAGLLAMARDAARADGVLVNTFRELEPAIGDGADGV--K
Os_72H3	-----PRPPRVVLLASPGAGHLIPLAELARWLADHHGVAPTLVTFADLEHPARSAVLSSL---PATVATATLPAVPLDDLPADAGLERTLFEVVHRSLPNLRALLRS---AASLAALVPDIFCAAALPVAAELGVPGYVFVPTSLAALSLMRRTVELHDGAAGEQRALPDPLELPGGVSLRNAEVPRGFRDSTTPVYGQLLATGRLYRRAAGFLANSFYELEPAAVEEFKKAAGT
Os_72J1	-----RRGQHVVLLASPGAGHLLPVAELARRIVEYDGFTATIVTHTNFSSAEHSST---FSSLPPSISIAALPEVSVDDLPADARVETRILTVVRRALPHLRDLLRSLLSPAGVAVFLSDLLSPRALAVAAELGIPRYVFCTSNLMCLTSFLHNPVLDRTTTCEFRDLPGPVLLPGCVPLHGSDLVDPVQDRANPVYRLVIEMGLDYLRADGFLVNTFDAMEHDTAVAFKELSGV
Os_88C1	-----RARKPVVLYPSPGMGHLVSMIELGKVFAAR-GLAVTVVVVDPPYGNATGPFLAGVTAANPAMTFHRLPKVEVPPVASK-HHESLTFEVTRLSNPGLRDFLA----GASPVVLIIDFFCNAALDVADELGVPAYMFYTSGAEILAFFLYLPVLHAQTTANFGMGEELVHAPGIPSFPATHSVLPLMERDDPAYAEFLKASADLCRTQGFLVNTFRSLEPRAVETIAAGSVS
Pf_88D7	-----------VILLYSSAEHLNSMLLLATFIAKHH-PSIPITILSSADYSAA-ASVS----TLPSITYRRLPPVAIPPDS-IKNPVEAFFEIPRLQNPNLRVALEEISQKTRIRAFVIDFFCNSAFEVSTSLSIPTYFYVSTGSAGVCIFLYFPTTDETVATDIGDLRDFLEFPGSPIIHSSDLPQLTFFRRSNVFKHMLDTSKNMQKSSGILTNGFDAMEFRAKEALTNGLGP
Rc_GT1	---------AIVLYPYPGLGHLISMVELGKLLLTHHSFSITILASTAPTTIATANYIKAVSADNPAINFHHLPTIS--SLPEHIEKLNLPFEYARLQIPNILQVLQTL--KSSLKALILDMFCDALFDVTKDLNIPTFYFYTSAGRSLAVLLNIPTFHRTTNSLSDFGDVPISISGMPPIPVSAMPKLLFDRSTNFYKSFLSTSTHMAKSNGIILNTFDLLEERALKALRAGLQP
Sl_GT5	-------IPHIAILPSPGMGHLIPLVEFAKRIFLHHHFSVSLILPTDGPISAQKIFLNSL---PSSMDYHLLPPVNFDDLPEDVKIETRISLTVSRSLTSLRQVLESIIESKKTVALVVDLFGTDAFDVAIDLKISPYIFFPSTAMGLSLFLHLPNLDETVSCEYRDLPDPIQIPGCTPIHGKDLLDPVQDRNDESYKWLLHHAKRYGMAEGIIVNSFKELEGGAIGALQKDEPG
Sr_71E1	-------TSELVFIPSPGAGHLPPTVELAKLLLHRDRLSVTIIVMNLWLGPKHNTE---ARPCVPSLRFVDIPCDES-TMAL-ISPNTFISAFVEHHKPRVRDIVRGIIDSVRLAGFVLDMFCMPMSDVANEFGVPSYNYFTSGAATLGLMFHLQWKRDHEGYDLKNSDTELSVPSYVPVPAKVLPEVVLDKE-GGSKMFLDLAERIRESKGIIVNSCQAIERHALEYLSSNNNG
Sr_88B1	-------SSKVILYPSPGIGHLVSMVELGKLIHTHHSLSVIILVLPATYETSTTTYINTVSTTTPFITFHHLPVIPLPPDSSS-EFIDLAFDIPQLYNPVVYNTLVAISETSTIKAVILDFFVNAAFQISKSLDLPTYYFFTSGASGLCAFLHLPTIYKTYSGNFKDLDTFINIPGVPPIHSSDMPTVLFDKESNSYKNFVKTSNNMAKSSGVIANSFLQLEERAAQTLRDGKGP
Vv_88A12	---------SVVLYPSPGMGHLISMVELGKLILKHHSFSITIFIVTPPYNTSTAPYLARVSSTIPSITFHHLPTIPLDSFSS-PNHETLAFELLRLNNPNIHQALVSISNNSSVRALIVDCFCTAALSVAAQLNIPFYYFFTSGACCLASFLYLPFIHQQTTKSFKDLNTHLHIPGLPPVPASDMAKPILDREDKAYELFVNMSIHLPRSAGIIVNTFEALEPRAVKTILDGLGP
Zm_11344	-------HKTVILYPSLGVGHLNPMVELAKVFLRR-GMAVVMAIVDSPDKDVSAEALARLAAANPDIAFRHLPVPSRGTERCSTNPVMRAIDVLRAANPALLGFLRAL---PAVDALVLDMFCTDALDVAAELGVPAYIFFSSALGDLAVMLHLPYYYPTAPSSFKDPETVLHFPGVPPIRALDMGATMQDRDSDVAKARLSQCARMLEARGILVNSFDWLEARALEALSRGLRS
Zm_15991	-------APTVVLLPVWGAGHLMSMLDAGKRLLTRGALSLTVLVMRAPTEQLADAHIRREEASGLDVRFVRLPAVQPPTHF--HGIEEFISRLVQLHAPHVRAAISSL--ASPVAAVVMDFFCTALLDVTRELAVPAYVYFTASAGMLAFFLRLPSLHEEVTVQFEEMEGAVDVPGLPPVPPSSLPVPVMDKNHPNYTWFMYHGRRFAEADGIIVNTAAELEQSVLAAIADGRVR
Zm_43295	-K----QQQTVILYPSPGVGHIVPMVQLAKVFLRH-GCDVTMVIAEPAASSFRIVDLDRVAASNPAITFHVLPPVPYADLAPGKHHFLLTLQVLRRYNGELERFLRSV-PRERLHSLVVGMFCTDAVDVGAKLGVPVYTFFASAAATLAVVAQLPALLSGRRAGLKEGDTPLQFLGVPPFPASHLVRELLEHDDELCKTMVDVWKRCTDGSGVLVNTFESLESPAVQALRDPRRV
Zm_51683	------AQRPVVLYPSPGMGHLVSMIELGKLLGAR-GLPVTIVVVEPPFNTATAPFLAGVSAANPSISFHRLPKVERLPLVSTKHQEALTFEVIRVSNPHLREFLA----AATPAVLVVDFFCSIALDVAEELRVPAYFFFTSGAEVLAFFLHLPALHERATASFQDGEEPVQVPGIPPFPATHAILPVMERDDAAYDGFVKGCADLCRSQGVLVNTFRLLEQRAVETVAAGHLP
Zm_56026	-----PDRPHVVLVPSPGVGHLMPMAELARRLVSHHALAATLVTFNLSGDPAKSAALSSL--RAANVSTATLPAVPLDDLPDDASIETVLFEVIGRSIPHLRAFLRDVGAGAPLAALVPDFFATAALPLASELGVPAYIFFPSNLSALSVMRSAVELHDGAAGEYRDLPDPLPLPGGVSLRREDLPSGFRDSKESTYAQLIDAGRQYRTAAGILANAFYEMDPATVEEFKKAAGR
Zm_58314	MAE-PSPHPTVVLHACLGVGHLIPMVELAKLLLRR-DLAVIIAVPTPPSSTADASAVATLEAANPAVSFHHLPPPDY-PVPDP-DPFLRMLDALRLTVPSLTAFLRSL---PSVAGLVLDLFCGDALDAAASAGIPAYFYYTSCAGDLAAFLHLPHYFATTEGGFKDGKALLHFPGVPPIPASDMPHTVLDRAARTCASRIVHYGRVPEARGLLINTYEWLEARAVRALRDGVRP
Zm_60993	------IKKTIVLYPGLFVSHFVPMMQLADVLLEE-GYAVAVALIDLTMDQVTAAAVDRVASAKPSVTIHRLPRIQNPPAITGGDGLLWYFKTVKRYNDPLREFLCSLQARSVVHAVILDGPSADALDVTKELGIPAYTFYATNASAVAVFLQLPWTHAEGQPSFKEGDTPLSISGVPPMPASYLMPPMLDDASETYKTMMRVSRRNPEPEGILVNTFASLEGRVLRALRDPLRR
Zm_62783	-----SARPHVVLLPSAGMGHLVPFARLAVALSEGHGCNVSVAAVQPTVSSAESRLLDALFVAAPAVRRLDFRPFDESEFPGA-DPFFLRFEATRRSAPLLGPLLD----AAEASALVTDIVLSVALPVARERGVPCYVLFTSSAAMLSLCAYFPAYLDAHAAAVGVGVGNVDIPGVFRIPKSSVPQALHDPDHLFTQQFVANGRCLVACDGILVNTFDAFEPDAVTALRQGSGG
Zm_63550	-AA--TAYPTVVLIPLCVPGHLASMIEAGKRLLGRSPMSLTVLITQMTMSALMDDIMRREADSGLDIRFVHLPAVELPTVHH--GLEDFMMRFIQLHATHVKEAVSGM--SSPVAAVVVDYFCTTLFDVARELALPAYAYMPSGASMVALMLRLPALDGEVSGDFEAMEGTVDLPGMPPVPARLMPSPLMRKD-PNFAWLVYHGNRFMEADGVIVNTVAELEPSILAAIADGLRR
Zm_71B1	------ATPTIVLVPVWGIGHFVPMLEVGKRLLARSPLTVTVLVMPLPAEAKRTEHIRQQEASGLAIRFHHLPAVEPPTDHS--GIEEYISRYVQLYSPHVKAAVAGL--TCPVAGVVVDIFCTALFDAAHQLGVPAYVYLITSAAMCALLLRSPTLDEEVAVEFEQMEGGVDVPGLPPVPASCLPTGLENRKIPTYRWFLYNGRRYMEAAGIIVNTIAEAEPRVLAAIADGRVP
Zm_72068	------GPPHVAMLATPGMGHLIPLAELAKRLAARRGATATLITFASAASATQRAFLASL---PPSVAARALPPVDLSDLPRDAAIETLMTAECARSLPAIAAVLAELGETARLVAFVVDQFGMEAFNAA-GVRAARCLFMPMNLHALSLVLHLPELAASVPGEFRDLAEPVRLPGCVPIPGPDIISPLQDRSNPSYAVMVNLAVRCEAAAAILVNSFDAVEPEAAEALRHPAPG
Zm_85854	-----TPPPHVAMLATPGMGHLIPLAELAKRLAQRHGVTSTLITFASTASATQRAFLASM---PPAVASMALPPVDMSDLPRDAAIETLMSEECVRAVPALTEALLSLKTTGRLVAFVTDLFGADAFDAARAAGVQRYLFFPTNLTALTLMLHLPELDASIPGEFRDLAEPLRLPGCVPLPGTETMKPLQDKSNPSYRWMVHHGAKFREATAILVNSFDAVEPGPAEVLRQPEPG
UGT71G1	--MSDNKNSELIFIPAPGIGHLASALEFAKLLTNHDNLYITVFCIKFPGMPFADSYIKSVLASQPQIQLIDLPEVEPPPQELLKSPEFYILTFLESLIPHVKATIKTI-LSNKVVGLVLDFFCVSMIDVGNEFGIPSYLFLTSNVGFLSLMLSLKNRQIEEVFDSDRDHQLLNIPGISQVPSNVLPDACFNKD-GGYIAYYKLAERFRDTKGIIVNTFSDLEQSSIDALYDHDEK
UGT78G1	-----NNLLHVAVLAFPFGTHAAPLLSLVKKIATE-APKVTFFCTTTTNDTLFSRS----NEFLPNIKYYNVHDGPKGYVSS-GNPREPIFLFIKAMQENFKHVIDEAVTGKNITCLVTDAFFWFGADLAEEMHAKWVPLWTAGPHSLLTHVYTDLIREKTSKEVHDVKSIDVLPGFPELKASDLPEGVIKDDVPFATMLHKMGLELPRANAVAINSFATIHPLIENELNSK---
OleD	MTT-QTTPAHIAMFSIAAHGHVNPSLEVIRELVAR-GHRVTYAIPPVFADKVAATG------ARPVLYHSTLPGPDA-------DPEAWGSTLLDNVEPFLNDAIQALPADDIPDLVLHDITSYPARVLARRWGVPAVSLSPNLV--------AWKGYEE----------EVAEPMWR-----------EPRQTERGRAYYARFEAWLKENGITPDTFASHPPRSLVLIPKAL--
UGT72B10	MAETPVVTPHIAILPSPGMGHLIPLVEFSKRLIQNHHFSVTLILPTDGPVSAQKIYLNSL---PCSMDYHLLPPVNFDDLPLDTKMETRISLTVTRSLPSLREVFKTLVETKKTVALVVDLFGTDAFDVANDFKVSPYIFYPSTAMALSLFLYLPKLDETVSCEYTDLPDPVQIPGCIPIHGKDLLDPVQDRKNEAYKWVLHHSKRYRMAEGIVANSFKELEGGAIKALQEEEPG
UGT74P1	MEEI-PNKSHVLVLPFPVQGHINPMVQFSKRLASR-GVKVTLITIDSISKSMPME--------SNSIKIESIPHNDSPPD----SYDNFLEWFHVLVSKNLTQIVEKLYLEYPVKVIVYDSITTWAIDLAHQLGLKGAAFFTQSCSLSVIYYHMDP---EKESKVSFEGSAVCLPSLPLLEKQDLPSFVCQSYPSLAKLVFSRNINFKKADWLLFNSFDVLEKEVINWLRSQ---
UGT73A10	-------QLHFFLFPMMAQGHMIPTLDMAKLIASR-GVKATIITTPLNESVFSK-AIQRNKQLGIEIRLIKFPALEN-DLPEDCEREAHLPNF-FKAAAMMQEPLEQLIQECRPDCLVSDMFLPWTTDTAAKFNIPRIVFHGTNYFALCVGDSMRR--NKPFKNVSSDSETFVVPNLPKLTRTQVSPFEQSDESVMSRVLKEVRESDLKSYGVIFNSFYELEPDYVEHYTKVM--
UGT74N1	MTT---HKAHCLILPYPLQGHINPMLQFSKRLQSK-GVKITIAPTKSFLKTMQE--------LPTSVSIEAISDGDDGGIDQAESFLAYITRFKEVGSDTLTQLIQKLTCECPVNCIGYDPFLPWAVEVAKNFGLVSAAFFTQNCTVDNIYYHVHKGVIKLP--PTEVDEQILIPGLSTVESSDVPSFESSPSDKLVELLVNQFSNLEKVDWVLINSFYKLEKEVIDWMAKL---
UGT75L2	-------RPHVLLVTFPAQGHINPSLQFAKRLIKL-GIEVTFATSVFAHRRMTKTAAS---TAPEGLNFVAFSDGDDGFKLDTDDGKRYMSEIRSRGSQTLRDIILKSSDGRPVTSLVYTLLLPWAAEVAREHHIPCALLWIQPAAVLDIYYYYFNGYEDEMKSTDDPTWRIQLPGLPLLKSQDLPSFLVASYSSALPTFKEQLDTLEENPKVLVNTFDALEPEALKAIEKY---
UGT85A20	------DKPHAVCIPYPAQGHISPMLKLAKILHHN-GFHITFVNTEHNHKRLLKSRGPDSVKGLPSFQFETIPDGPPCDPDTTQDIFSLSESTTNSCSGPFKELLTKLNNVPPVSCIVSDGAMSFTLAAAQDLGIPQVFFWTPSACGLLSYMHYRDLVEKGYTPLKLETTLDWIPGMKGVRLRDLPSFIRTTEEYMIKFLIQETERSKMASAIVLNTFEPLEREVLKSLQAL---
UGT73Q1	MDR-KTDKLHIYFLPMMAPGHMIPLVDIARQFARH-GVKVTVITTPLNASKFSKT-IQRDRELGSSIRTTEFPCKEA-GLPEGCENSTLMYLNFIKGLSLFQKPIEQFLEEDHPDCLIAAPQFSWAVDVAAKLGIPRLFFNGAGFFPLCALHSLME--HKPHLKVESETEEFIIPGLPKMSRQQIPDHLKDEESVITEMVRAIMGAEMTSYGAIVNSFYELEPNYVKHYREA--E
UGT73A12	-------QLHFFLFPMMAQGHMIPTLDMAKLIASR-GVKATIITTPLNESVFSK-AIQRNKQLGIEIRLIKFPALEN-DLPEDCEREAHLPNF-FKAAAMMQEPLEQLIQECRPDCLVSDMFLPWTTDTAAKFNIPRIVFHGTNYFALCVGDSMRR--NKPFKNVSSDSETFVVPNLPKLTRTQVSPFEQSDESVMSRVLKEVRESDLKSYGVIFNSFYELEPDYVEHYTKVL--
UGT86A5	MEPEEHIKLHAIMIPAPLQGHIVPFINLAIKLASK-GLTITFVNTQFTHQRMKAQSISDARNSGLDVRYTTISDGPLNFYR-AGNHDQFMEGLFHVFSAHVDDLVGNLVHNPPVSCLIADSFYVWPSEIAKKYNLVNISVWTEPALAFTSYYHMDLLRINGHFGSQREDTIHYIPGVEAIEPGDLPSYIQDPWGIMHRYMFKSLEDARKADIIICNTVQELESSTISALQEK---
UGT94E2	----VKNTLRVLMFPWLAYGHISPFLNVAKKLVDR-GFLIYLCSTAINLKSTIKKIPEKY---SDSIQLIELHLPELPELPPHYHTNHTLQKALKMSKPNFSKILQN----LKPDLVIYDLLQQWAEGVANEQNIPAVKLLTSGAAVLSYFFNLVK---K-------PGVEFPFPAIYKNELEKMSELLAQSAKDKEPDGVDPFA-DGNMQVMLMSTSRIIEAKYIDYFSGL--S
UGT84C2	-----SSAPHLLLICFPGQGHVNPMLRLAKRFAAK-GLLVTFSSTSDVVAKITASTGVEGGDGVPRIRFEFLDDHSE-GL---TDLDPLMRHLQTVGPPAFVELIRRQEAGRPVSCVVGNPFLPWAIDVAHDAGIPSAVLWVQSCAVFSLYYHHVHGLVE-FPPEDDLEALVKLPGLPAMSVADVPSFLLPSYKLLANEILKQFRTIHKASWVFVNSFSELERDVVDALPGVSPA
UGT85B2	MAS---RQYHVVMVPYPAQSHVAPLMQLARLLHAR-GAHVTFVHTQFNYRRLVDAKGEAAVSSSTGFCVEVIDDGSL-SVQQ-HDVAAVVDALRRNCQGPFRALLRKLSAMPPVTTVVADTVMTFAATEAREAGIPDVGFFTASACGLMGYFQFGELIKRGLVPLQLATPLHWVPGMNHMRLKDMPSFCHTTDDTMVAATLEQMNTALGAKAIVLNTFYELEKDVVDGLAAF---
UGT74H5	-----VSDIHVLLLPYPVQGHINPMLQFGKRLAHIGGVRCTLAITPYLLRQCQDP-------CPGAVHLVEISDGDSAGFEEVGDVAAYLAGMESAGSRTLDELLRSEAKGRPIHAVVYDAFLPWVPRVARLHGAACVSFFTQAAAVNVAYSRRV-------GKIE--------EGLPGFEAEDLPTFLTLPL-PYQDMLLSQFVGLDAVDHVLVNSFHELQPQESAYMEST---
UGT88C4	--------KLAVLYPSPGMGHIVSMIELGKIFVAR-GLAVTIVVIDLPNNTATGPFLAGVSAANPSISFHRLPQVKLPHVESR-HIETLNFEVARAANPHLRDFLA----GISPDIFIADFFCHVARDVASELGIPFYFFFTSGAEVLAVLLHLPVLHSQSTASFQDGEELVHVPGIPSFPASHSMLPVMDRDDAAYMAFVNVCSDLCRSQGIIVNTFSSFEPRAIEAIAAGLLP
UGT74H6	-------DIHVLVLPYPLQGHINPMLQFAKRLARTQTVRCTLAVTPYLLGQCQDP-------CPGAVHLAEISDGDRAGFLEVGDVAAYLAQLESAGSRTLDELLRSEAKGRKVCAVVYDSFLPWAPPVARRHGAACVSFFTQAPAVNLAYAHHARGGG----------TGGRLDGLPGFEHEDLPTFLTMPDDPYLEMLLRQHVGLDAVDHVLVNSFHELQPLESDYMASK---
UGT75E3	MGEAHGVKGHFFVAAYSMQGHINPARCLARRLASI-GGPATAVTMAIPACGYRCIFGSDEEVDDGAVSYVPFSDGKDDGSWA-KDPEERAW-MRGECFKNLLAVVDRLASGRPVTCVVSTLNMPPAIDVARERGIPLAVFWTQPATMLATYYHYFHGFEEAVVSHADPAYEARLPGLRPVRIRDMPSFFTDKANLLSQMILRGFRELEKRPLLLVNTFGALEETALRAIQPY---
UGT73B4	-NR---EQIHILFFPFMAHGHMIPLLDMAKLFARR-GAKSTLLTTPINAKILEKP-IEAFKVQNPGIKILNFPCVEL-GLPEGCENRDFINSYQKSDSFDLKQQLESFIETTKPSALVADMFFPWATESAEKIGVPRLVFHGTSSFALCCSYNMRI-H-KPHKKVASSSTPFVIPGLPDIVITEDQANVTNEETPFGKFWKEVRESETSSFGVLVNSFYELESSYADFYRSF--V
UGT73C1	MASEFRPPLHFVLFPFMAQGHMIPMVDIARLLAQR-GVTITIVTTPQNAGRFK-NVLSRAIQSGLPINLVQVKPSQESGSPEGQENS----LTFFKAFSLLEEPVEKLLIQPRPNCIIADMCLPYTNRIAKNLGIPKIIFHGMCCFNLLCTHIMHQ-NHEFLETIESDKEYFPIPNFPEFTKSQLPMVLVAGD--WKDFLDGMTEGDNTSYGVIVNTFEELEPAYVRDYKKV--K
OsCGT	-----GRRPHVVLIPSAGMGHLVPFGRLAVALSSGHGCDVSLVTVLPTVSTAESKHLDALFDAFPAVRRLDFEPFDASEFPGA-DPFFLRFEAMRRSAPLLGPLLT----GAGASALATDIALSVVIPVAKEQGLPCHILFTASAAMLSLCAYFPTYLDANAGG-GGGVGDVDIPGVYRIPKASIPQALHDPNHLFTRQFVANGRSLTSAAGILVNTFDALEPEAVAALQQGKSG
ZmUGT/UGT708A6	-----SARPHVVLLPSAGMGHLVPFARLAVALSEGHGCNVSVAAVQPTVSSAESRLLDALFVAAPAVRRLDFRPFDESEFPGA-DPFFLRFEATRRSAPLLGPLLD----AAEASALVTDIVLSVALPVARERGVPCYVLFTSSAAMLSLCAYFPAYLDAHAAAVGVGVGNVDIPGVFRIPKSSVPQALHDPDHLFTQQFVANGRCLVACDGILVNTFDAFEPDAVTALRQGSGG
FeCGTa/UGT708C1	-----NDQPHVVVCSGAGMGHLTPFLNLASALSSAPNCKVTLLIVIPLITDAESHHISSFFSSHPTIHRLDFHVNPA-PKPN-VDPFFLRYKSISDSAHRLPVHLSAL--SPPISAVFSDFLFTQGLNTT-LPHLPNYTFTTTSARFFTLMSYVPHLAKS------SSSSPVEIPGLEPFPTDNIPPPFFNPEHIFTSFTISNAKYFSLSKGILVNTFDSFEPETLSALNSGDSD
FeCGTb/UGT708C2	-----NEQPHVVVCSGAGMGHLIPFLNLASTLSSAPRCKVTLLIVIPLITDAESHHISSFFSSHPTIHRLDFHVNPA-PKPN-VDPFFLRYKSISDSAHRLPVHLSTL--APPISAVFSDFLFTQGLNTT-LPHLPNYTFTTTSARFFTLMSYVPHLAKS------SSSSPVEIPGLEPFPTDNIPPPFFNPDHIFTSFTISNANYLSLSKGIIVNTFDSFEPETLSALNSGDPD
GmCGT/UGT708D1	-----EGVVHVAFLPSAGMGHLNPFLRLAATFIRY-GCKVTLITPKPTVSLAESNLISRFCSSFPQVTQLDLNSVDPTTVDT-IDPFFLQFETIRRSLHLLPPILSLL--STPLSAFIYDITLTPLLSVIEKLSCPSYLYFTSSARMFSFFARVSVLSASNPGQTPIGDDGVKIPGFTPIPRSSVPPAILQASNLFQRIMLEDSANVKLNNGVFINSFEELEGEALAALNGGKEG
GtUF6CGT1	-GSLTNDNLHIFLVCFIGQGVVNPMLRLGKAFASK-GLLVTLSAPEIVGTEIRKA--NNLNDDQPMIRFEFFDDGESVNGSKPFDVWVYINHLDQTGRQKLPIMLKKHETGTPVSCLILNPLVPWVADVADSLQIPCATLWVQSCASFSAYYHYHHGLVP-FPTESEPEIDVQLPGMPLLKYDEVPDYLHPRYPFFGTNILGQFKNLSKNFCILMDTFYELEHEIIDNMCKL---
MiCGT	MSASDNSCPHVALLLSSGMGHLTPCLRFAATLVQH-HCRVTIITNYPTVSVAESRAISLLLSDFPQITEKQFHPFDPSTANT-TDPFFLRWEAIRRSAHLLNPLLSSI--SPPLSALVIDSSLSSFVPVAANLDLPSYVLFTSSTRMCSLEETFPAFVASKTFDSIQLDDVIEIPGFSPVPVSSVPPVFLNLNHLFTTMLIQNGQSFRKANGILINTFEALEGGILPGINDKRDG
MiCGTb	MSASDNSCPHVALLLSSGMGHLTPCLRFAATLVQH-HCRVTIITNYPTVSVAESRAISLLLSDFPQITEKQFHPFDPSTANT-TDPFFLRWEAIRRSAHLLNPLLSSI--SPPLSALVIDSSLSSFVPVAANLDLPSYVLFTSSTRMCSLEETFPAFVASKTFDSIQLDDVIEIPGFSPVPVSSVPPVFLNLNHLFTTMLIQNGQSFRKANGILINTFEALEGGILPGINDKRDG
FcCGT/UGT708G1	-SDSGDSHPHVALIPSAGMGHLTPFLRLAASLVQH-HCRVTLITTYPTVSLAETQHVSHFLSAYPQVTEKRFHPFDPNSAN-ATDPFFLRWEAIRRSAHLLAPLLS-----PPLSALITDVTLSAVLPVTINLHLPNYVLFTASARMFSLTASFPAIVASKSTSVEFDDDFIEIPGLPPIPLSSVPPAVMDSKSLFATSFLENGNSFVKSNGVLINSFDALEADTLVALNGRRAG
CuCGT/UGT708G2	-SDSGDSHPHVALIPSAGMGHLTPFLRLAASLVQH-HCRVTLITTYPTVSLAETQHVSHFLSAYPQVTEKRFHPFDPNSAN-ATDPFLLRWEAIRRSAHLLAPLLS-----PPLSALITDVTLSAVLPVTINLHLPNYVLFTASAKMFSLTASFPAIVASKSTSVEFDDDFIEIPGLPPIPLSSVPPAVMDSKSLFATSFLENGNSFVKSNGVLINSFDALEADTLVALNGRRAG
PlUGT43	-------RYEVVFIAIPTLGNLVPQVEFANLLTKHDRFSATILTVSMPQRPLMNTYVQARASSAANIKLLQLPIVDPPAPEQYQTLVGFLSLHMQNHKHHVKHALLNLMNSVRLAAIFVDMFSTTLIDVAAELAVPCYLFFASPASCLGFTLDLPRFDL------AESKSEFTVPCFKLLPRSVFPNLVLDAKD-GTFWLSYHARRYKETKGIVINTLQELETHALQSLHND-SQ
TcCGT1	MEKSNTSKPHVFLLASPGMGHLIPFLELSKRLVTLNTLQVTLFIVSNEATKARSHLMESSNNFHPDLELVDLTPANLSELSTDATVFKRIFLITQAAIKDLESRISSM--STPPAALIVDVFSMDAFPVADRFGIKKYVFVTLNAWFLALTTYVRTLDREIEGEYVDLPEPIAIPGCKPLRPEDVFDPMLSRSSDGYRPYLGMSERLTKADGLLLNTWEALEPVSLKALRENEIM
WjGT1/UGT84A57	----TPNPIHVMLVSFQGQGSVSPLLRLGKLIASK-GPVVTFVTTEFWGKKMRQANKIVDGELKPYIRFEFFDDGAEDDA-RRGDFDLYLSQLEQAGKRQVSKIVRRYEKNDPVSCLINNPFIPWVGHVAEEFNILYAVLWIQSCACFSTYYHYQNGSVS-FPTETEPKLDVKLPCAPVLKHDEIPTFLHPSSSAMRQAALGIFENLSKPFCVLISSFDALEQEVIDYMSKL---
GgCGT/UGT708B4	-----HPVVHVALLPSAGMGHLTPFLRLASLLLHQ-HCHVTLITPQPTVSKAEEDLLSRFLSAFPQVNQLHFHLPPSDSTIS-TDPFFLQFASIRSSSHLLTPLLSSL--TPPLSSFIYDMTLSPLLPIAESLGVPHYILFTSSATMFSFFSYFPTLAKSESFPGK--LDFVEIPGVSSIPRSSIPPPLLVPNSLFGKLFMEDSPKLKKLHGVLVNTFEGIEKLSLEALNGGKKG
OsCGT2/UGT708A4	-----GRRPHVVLIPSAGMGHLVPFGRLAVALSSGHGCDVSLVTVLPTVSTAESKHLDALFDAFPAVRRLDFEPFDASEFPGA-DPFFLRFEAMRRSAPLLGPLLT----GAGASALATDIALSVVIPVAKEQGLPCHILFTASAAMLSLCAYFPTYLDANAGG-GGGVGDVDIPGVYRIPKASIPQALHDPNHLFTRQFVANGRSLTSAAGILVNTFDALEPEAVAALQQGKSG
OsCGT3/UGT708A2	-----GRRPHVVLIPSAGMGHLVPFGRLAVALSSGHGCDVSLVTVLPTVSTAESKHLDALFDAFPAVRRLDFEPFDASEFPGA-DPFFLRFEAMRRSAPLLGPLLT----GAGASALATDIALSVVIPVAKEQGLPCHILFTASAAMLSLCAYFPTYLDANAGG-GGGVGDVDIPGVYRIPKASIPQALHDPNHLFTRQFVANGRSLTSAAGILVNTFDALEPEAVAALQQGKSG
OsCGT6/UGT708A40	-----GRRPHVVLIPSAGMGHLVPFGRLAVALSSGHGCDVSLVTVLPTVSTAESKHLDALFDAFPAVRRLDFEPFDASEFPGA-DPFFLRFEAMRRSAPLLGPLLT----GAGASALATDIALSVVIPVAKEQGLPCHILFTASAAMLSLCAYFPTYLDANAGG-GGGVGDVDIPGVYRIPKASIPQALHDPNHLFTRQFVANGRSLTSAAGILVNTFDALEPEAVAALQQGKSG
TaCGT1-A/UGT708A14	-----RARPHVVFVPSAGMGHLLPFFRFIGALSAH-DVDISVVTVLPTVSAAENDHFARLFQDFPSIRRVDFNPLDASEFPGA-DPFLLRWEALRRSMHLLAPAIAGV--SPRATAVVTDVTLSHVNAIAKDLQLQCHVLFISSATMMSFLSYFPIYLDNK--DAQADVGDVDIPGVRRLKRSWLPQPLLDLDKLFTKQFIDNGREVVKTDGVLINTFDALEPVALAALRDGKRG
TaCGT1-B/UGT708A52	------ALPHVVLLPSAGMGHLVPFSRLAVSFSSSDGCGVSVVTVLPTVSSAESAHLDALFGACPAVRRLDFHRFDASEFPGA-DPFFLRFEAMRRSAPLLGPLLA----GAGASALVTDIALSVVIPVARELRLPCYVLFTASAAMLSLCVHFPAYLDANAGG---PVGDVDIPGVYRVPKASIPQALHHPEHLFTRQFVANGRELAKSDGLLVNSFDEFEPEAISALRDGSAG
TaCGT1-D/UGT708A53	------PHPHVVLLPSAGMGHLVPFSRLAVSLSSPGGCGVSVATVLPTVSSAESAHLDALFGACPAVRRLDFHPFDASEFPGA-DPFFLRFEAMRRSAPLLGPLLA----GAGASALVTDIALSVVIPVARDLRLPCYVLFTASAAMLSLCVHFPAYLDANAGG---PVGDVGIPGVYRVPKASIPQALHHPEHLFTQQFVANGRELAKADGLLVNSFDAFEPEAIAALRNGSAG
TaCGT2-A/UGT708A15	-----RARPHVVFVPSAGMGHLLPFFRFIGALSAH-DVDISVVTVLPTVSAAENDHFARLFQDFPSIRRVDFNPLDASEFPGA-DPFLLRWEALRRSMHLLAPAIAGV--SPRATAVVTDVTLSHVNAIAKDLQLQCHVLFISSATMMSFLSYFPIYLDNK--DAQADVGDVDIPGVRRLKRSWLPQPLLDLDKLFTKQFIDNGREVVKTDGVLINTFDALEPVALAALRDGKRG
TaCGT2-B/UGT708A54	-----APRPRIVLLPSASMGHLAPFSRLAAALSSGHACDVSLVTVLPTVSSAESGQLDALFAAFPAVRRLDFQPLDAPELSG-ADPFYVHYEATRRSARLLAPLLA----AADASVLVADISLSVLIPVASELRLPCYVFFTASATMFSFYAYYPTYLDAA------GAGDADVPGVYRIPKSSFPQALHDRNNLFTQQFVANGRSLSKADGLLINTFDALEPEAVTALRQGSPG
SbCGT1/UGT708A36	-----GATPHVVLLPSAGMGHLVPFARLAVALSEGHGCDVSFAAVLPTVSSAESRHLRALFAAAPAVRRLDFRPFDESQFPGA-DPFFLRFEALRRSAPLLGPLLD----AAQASALVTDIVLSVVLPVAKARGVPCYVLFTSSAAMLSLCAYFPAHLDANAAAGRLGVGDVDIPGVYRIPKSSVPQALHDPKHLFTQQFVANGRGLVAADGILVNTFDAFEPDAITALRQGSSD
SbCGT2/UGT708A35	-----RGAPHVVLFPSAGMGHLVPFTRLAVALSAGHGCDISLVTAMPTVSSAESRHIAALCAAFPAIRQLDLDPFDASSFP-GADPFYVRYEALRRAAPVLLGPLLA---GAGASALVADIALSVAIPVARELHVPCFVFFTASATMFSLKAYFPTYLDAVGAG--HGVGDVDVPGVYRIPSSSVPQALHDPDNIFTRQFVANGRALVTADGLLVNAFHAMEPEAVEALRGGSPG
SbCGT3/UGT708A34	-----GARPHVMFIPSAGMGHLLPFFRVIAALAAHDVVDISVVTVLPTVSAAEADHFASLFAALPRVSRVDFHPFDASSFPG-HDPFLLRWEALRRSAHLFRPLIAGA-AGPRVSAVVTDVTLSHVIPIAKELGVQCHVLFVSCATMLSLAAYTPVHLDKKNKGHGVGVGDVDIPGVRRIPQSYLPQPLLDLNKLFTKQFIDNGREIINADGFLVNTFDALEPVALAALRDGKAG
ZmCGT2/UGT708A5	-----YDAPHILFIPSAGIGHLTPVFRVIAGFSSR-GIDVSVVTVLPTVSAAETDYFNGLFADYPAVRRVDMHPLDASEFTR-EDPFFLRWEALRRSVHLLRPIITNA--APRITAIITDITLSCVIPIAKELDVPCHVLFPTAATMLSLNAYYPVYLEKLKGGPEVIGDAVDIPGVFRVPRSALPPALLDVNKLFTKQFIDNGRAIVKADGVLVNTFDAVEPAPLAALRGGKPG
ZmCGT3/UGT708A11	-----RARPHVVFVPSAGMGHLLPFFRFIGALSAH-DVDISVVTVLPTVSAAENDHFARLFQDFPSIRRVDFNPLDASEFPGA-DPFLLRWEALRRSMHLLAPAIAGV--SPRATAVVTDVTLSHVNAIAKDLQLQCHVLFISSATMMSFLSYFPIYLDNK--DAQADVGDVDIPGVRRLKRSWLPQPLLDLDKLFTKQFIDNGREVVKTDGVLINTFDALEPVALAALRDGKRG
ZmCGT4/UGT708A41	-----SSRPHVVLLPSAGMGHLVPFTRLAAALCSGHGCDVSLVAAVPTVSSAEARHLAAHFTAFPAVRRLELDSLDVSEFAGA-DPFYVRYEAIRRSASLLAPLLAGG-ASAAASALVADIALSVVIPVAKDLRLPCYVFFTASATMFSFLAYLPTYLDANAGG-GHAIGDVDVPGVCRVPTSSVPQALHDPDDIFTRQFIANARSLANADGLVVNAFDALEPEAVAALRQGTAG
ZmCGT5/UGT708A42	-----SSRPHVVLLPSAGMGHLVPFTRLAAALCSGHGCDVSLVAAVPTVSSAEARHLAAHFTAFPAVRRLELDSLDVSEFAGA-DPFYVRYEAIRRSASLLAPLLAGG-ASAAASALVADIALSVVIPVAKDLRLPCYVFFTASATMFSFLAYLPTYLDANAGG-GHAIGDVDVPGVCRVPTSSVPQALHDPDDIFTRQFIANARSLANADGLVVNAFDALEPEAVAALRQGTAG
SiCGT1/UGT708A31	-----GARPHVVLLPSAGMGHLVPFGRLAVALSAGHGCDVSVAAVLPTVSSAEARHLEALFAADPAVRRLDFRPFDASEFPGA-DPFFLRFEAMRRSAPLLGPLLA----TAGASAVVTDIVLSVVLPVARECGVPCYVLFTASAAMLAFCAHFPGYLDANSAAGRGVVGDVDIPGVYRIPKSSVPQALHDPKHLFTQQFVANGRGLVDADGILVNTFDALEPEAVTALRKGKSS
SiCGT2/UGT708A32	-----AATPHIVLFPSAGMGHLVPFTRLAVALSAGHCCDVSLVTALPTVSSAESCHIAALFAAFPAVRRLDLRPLDASSFP-GADPFYVRYEALRRSTPLLLGPLLA---GASASALVADIALSVAIPVARELRVPCYVFFTASATMLSFKAYFPTYLDANGGA-GHSVGDVDVPGVCRVPRSSIPQALHDPDDIFTRQFVANGRALVAADGLLVNAFEAMEPEAVAALLGGSAS
SiCGT3/UGT708A33	-----GARPHVMFIPSAGMGHLLPFLRVIAALARHDDVDVSVVTVLPTVSAAEADHLAGLFAAFPRVRRADLHPFDASEFPGH-DPFLLRWEALRRSAHLLRPLIAC-GAAPRVSAIVTDVTLSHVIPISKELNVQCHVHFISCATMLSLLAKAE---------LGPGVGDVDIPGVRRIPESYLPQPLRDLNNVFTKQFIDNGREIINADGILVNTFDALEPAALAALRDGKPG
BdCGT1/UGT708A7	-----TSQPHVVLLPSAGMGHLVPFSRLAVALSSAHGCDVSLVTVLPTVSSAESSHLEALFGAFPAVRRLEFHDFDASEFPNA-DPFFLRFEAMRRSAPLLLGPLLA---RASATALVTDIALSVVIPVAKQLRLPCYVLFTASAAMLSLCVHFPAYLDANGNG---LVGDVDIPGVYQIPKASVPQALHDPKHLFTRQFVANGRELAKSDGVLVNSFDAFEPEAIAALREGAGF
BdCGT2/UGT708A8	-----PAPPHLVFVPSAGMGHLLPFTRFIADLANE-NVEISVVTALPTVSAAEAAHFADLFAAFPRIRRIDFNPFDESAFPGA-DPFLLRWESLRRSAQLLGPLIAAA--VPRASAVVTDVTLSQVIPIAKELNLPCHILFISCATMLSLVAYFPVYLDGAKAD--HLVGDVDIPGVLRLPVSSPPQVLRNPDSLFTKQFIANGRTIAKSDGILVNTFRALEPEALSALNSGKPG
PhCGT1/UGT708A43	-----SSRPHVVLLPSAGMGHLVPFTRLAAALCSGHGCDVSLVAAVPTVSSAEARHLAAHFTAFPAVRRLELDSLDVSEFAGA-DPFYVRYEAIRRSASLLAPLLAGG-ASAAASALVADIALSVVIPVAKDLRLPCYVFFTASATMFSFLAYLPTYLDANAGG-GHAIGDVDVPGVCRVPTSSVPQALHDPDDIFTRQFIANARSLANADGLVVNAFDALEPEAVAALRQGTAG
PhCGT2/UGT708A46	-----SSRPHVVLLPSAGMGHLVPFTRLAAALCSGHGCDVSLVAAVPTVSSAEARHLAAHFTAFPAVRRLELDSLDVSEFAGA-DPFYVRYEAIRRSASLLAPLLAGG-ASAAASALVADIALSVVIPVAKDLRLPCYVFFTASATMFSFLAYLPTYLDANAGG-GHAIGDVDVPGVCRVPTSSVPQALHDPDDIFTRQFIANARSLANADGLVVNAFDALEPEAVAALRQGTAG
PgCGT1/UGT708A44	-----SSRPHVVLLPSAGMGHLVPFTRLAAALCSGHGCDVSLVAAVPTVSSAEARHLAAHFTAFPAVRRLELDSLDVSEFAGA-DPFYVRYEAIRRSASLLAPLLAGG-ASAAASALVADIALSVVIPVAKDLRLPCYVFFTASATMFSFLAYLPTYLDANAGG-GHAIGDVDVPGVCRVPTSSVPQALHDPDDIFTRQFIANARSLANADGLVVNAFDALEPEAVAALRQGTAG
PpCGT1/UGT708A45	-----SSRPHVVLLPSAGMGHLVPFTRLAAALCSGHGCDVSLVAAVPTVSSAEARHLAAHFTAFPAVRRLELDSLDVSEFAGA-DPFYVRYEAIRRSASLLAPLLAGG-ASAAASALVADIALSVVIPVAKDLRLPCYVFFTASATMFSFLAYLPTYLDANAGG-GHAIGDVDVPGVCRVPTSSVPQALHDPDDIFTRQFIANARSLANADGLVVNAFDALEPEAVAALRQGTAG
IroB	--------MRILFVGPPLYGLLYPVLSLAQAFRVN-GHEVLIASGGQFAQKAAEAGLV-VFDAAPGLDSEAGYRHHEAQRKK-SNIGTQMGNF-SFFSEEMADHLVEFAGHWRPDLIIYPPLGVIGPLIAAKYDIPVVMQTVG-------FGH----------------TPWHIRGVT----RSLTDAYRRH---------NVGATPRDMAWI------DVTPPSMSILEND---
UrdGT2	--------------------------------------------------------------------------------------------------------------------------------------------------------------------------------------------------------------AVDADGIHPGADAELRPELSERLPAPDDI
SsfS6	-----------------------------------------------------------------------------------------------------------------------------------------------------------------------------APELAELGLTDFPDP--------------------------------------------LDV
DcUGT2	-----NGAEILALFPIHGISNYNVAEALLKTLANR-GHNVTVVTSFPQKKPVPNLYEIDVSGAKGSIHFERLQTIIQ-DVK---SNFKNMVRLSRTYCEIMS------DSQAPLISILNARHTPWALHRMGNPSNPAYMPVIHSRFPVKMNF-FQRMINT---G---WHLYFLYMYFYYGNGEDANK---MARKFFGNDMPDINEMVFNTSLLFVNTHFSVDMPYP--------L
UGT85K14	MDPKNTRKPHIVCVPFPAQGHVIPMMQLAKLLHSK-GFCITFVNTEFNHRRLVRSKGEDWAKGFDDFWFETISDGPPSNPDATQNPTMLCYHVPKHCLAPFRHLLAKLNEVPPVTCIISDGIMSFALKAAEELGIPEVQFWTASACGFMAYLHHAELIQKGIFPFKLDTRVDWIPGMRNIRLKDLPSFIRTTNHIMFHFARTETQNCLKASAIIFNTFDAFEHEVLEAIASK---
UGT74B6	MEK---QGGHVMVLTYPAQGHINPLLQFSKRLASK-GLKATLATTHYTVNFIQS----------DAVGVEAISDGDEGGFMQAPSLEAYLESFQAVGSRTVGELILKFNSASPVDCLVYDSILPWGLSVARQFGIYGAAFWTTSASVCSMYWQLRQGVL--SLPVKQEPVPVSMPGLPPLRLSDLPDFLAQPLSAYMSAVMEQISTLEQNDWVFMNSFDALESELVKAMSGL---
UGT712E1	-----GRRPHVLIIPFPAQGHVTPLMKFAYQISDH-GIKVTFVNSDFIHEKLVA-ALPDEDEARSRIGLASIPDGLGPGED-RKDPLKSTDSILRVMPGHLKELIEKVNDDEKITCVIADTTVGWALEVAEKMGIESVAFCPCGPGTLALVFDIPRLIEAGHVNGINEELICLAKDIPAFSSNRLPWGCPSDQEILFRLALQCIPAKNLSNWLLCNSVYELDSSACDL-------
PpUGT85A2	----AKEKPHAVFVPFPAQGHINPMLQLAKLLNYK-GFHITFVNTEFNHKRMLESQGSHALDGLPSFRFETIPDGPPADADARRNLPLVCDSTSKTCLAPFEALLTKLNDSPPVTCIVADGVTSFTLDAAEHFGIPEVLFWTTSACGLMGYVQYYRLIEKGLTPFKLDTEIDWIPGMKDVRLKDMPSFIRTTNDIMLHYMVSETERSKKASAIILNTFDALEQEVVDALSTL---
TwUGT2	-------GTHVLVFPFPAQGHMIPLLDFTHKLALQ-GLTITILVTPRNLPLLN-PLLS----THPSIKTLILPPHSPPGIENAKDMSTNSFVPLKHALSQLREPLLTWFHPSPPVAIISDIFFGWTHHLACQLSIRRICFSPSGVMAVSAIFCLWRDMVKNDDPGNTVVSFPRIPNCPKYPWWQLSQIYRSYADPVSEFIRDGYYANMASWGLVFNSFSELESVYLDYLKNE-MG
UGT73C11	-----SYPLHFVLFPFMAQGHMIPMVDIARLLAQR-GVKITIVTTPHNAARFE-NVLSRAIESGLSIVQVKLPSQEA-GLPEGNETMELLVPF-FKAVNMLEEPVQKLFMSPQPSCIISDFCLPYTSKIAKKFNIPKILFHGMCCFCLLCMHVLRK-NREILENLKSDKEHFVVPYFPEFTRPQVPMATYVPG-EWHEIKEDIVEADKTSYGVIVNTYQELEPAYANDYKEA--R
ApUFGT1	MENNNAITPNVLMIAIPYQGHLNPFLHLAIKLASK-GFAIHFVHTLHAHHVIKSSSENRARESGLDIRYSTISDGPI-EYDRSEDVVSYWDHMLKVFPSLVDEFVANLIVPPSPWIIVADTISSWQGLIAEKYNMVNVSFWTEPAVVFALDYYVDLLTKNGHFPSSRDCVIDYIPGVAPIHKKDLMSNLQESTSILNKILLKTFEEVKKADIVLHNTVEELESYTLSTLNEL---
ApUFGT2	----TAAAVHVLVFPYPAQGHMIPLLDFTHHLAARCGVAVTVVVTPQNLRQLN-PLLAAH---PRSVTALVLPAHPPAGVENTVDLPAGGFRHMMVALEGLRHPIADWFHPSPPAAIISDMFLGWTNHLAAELGVPGYAFFPSGFFAISFIRSLWC-QSPELKNGDDRNTAVGFPEIPIYPWWQLSPIFRSYGDPKSEFIKDSFANFVKSHGLVGNTFYALEGVYSQYLKKVL-G
ApUFGT3	----VDRTPHCLLLPYPNQGHINPILQFAKRLSHTRRIQITFILTKFLLKSTTAAA----AAAEADISFRSISDGDDGGRAHAKSFEEYTDRFELVGRETLTELLRELSSGRPVDCVVYDPFIPWVLDVAKGFGLPAAAFFTQSCAVNSVYHQVYCGRL--RPPLRENEVAVVAAELPPLKAEELPSFIEVHYPVVFEMIKSQFRNVEKADWIFVNTFYKLEEKIINSLSEF---
UGT73A17	-------KLHFFFFPVMAQGHMIPTLDMAKLFASH-GVKATIITTPLNAPYFTRS-IQRT-HHSISVLTLKFPAVEAGLVEG-CESPDMLPNF-LKATTMLQDPLERLLQDSRPDCLVADMFFPWATHVAAKFNIPRLVFHGTGFFTLCASENLRLYMPQ--ASVSSDDEPFLVPNLPMLTRSQLPENERDTETGLSTMLKQVKETELTSYGVIVNSFYELEPDYADYYRNVL--
TwUGT1	-------MAAIVLYPTTGMGHLISMVELGKLILTHHSFTVNILLPTAPYATSTAQYISAVSTTNPSIIFHHLPPVSLPLDPAYSCVEALTFDLIRLNNPNVHTAIQSISQTSTVHALILDFFCNAALDVATELDVPAYFFLTSGASFLALFCHFPTIDRSTNKNFKDLETTVNLPYLPPIPLSHMPEPMLEKDTTEYAGFIDCSVGLSKSTGIIVNTFSTLEPKAVKALADGVGP
UGT71L2	----ETPKKALVFVPAPGIGHLVSVMEFAKRLLERDSFSITMLLMSPPFAHV-TTYVEKLSASHPEFQFLGLPSVPPPPLEDIACPEHFVSIFIADHKNHVKDMIVNHVKSVKLAGLILDLFCTPFVDVAKDLGVPPYIFFASGAAFLGSMLYLPDRFDNGGVTYKPTDPDSMIPSYIPVPSTVLPSLLFHDG--GYSTFVSHARKFKEAKGIIVNTFAELESHAVSYLNGE-AS
UGT72AY1	MDS---SQLHVAIVSSPGMGHLIPVLVLGNRLATHHNIKITILAITTTSSSAETEFLKKLTNEEKTIEIIPVPSVDISHLISSTKIFTQLRLLVREALPKIHSTIASM--THRPDALIVDIFCTQILPIAEEFNISKYTYHPTTAWTLALAIYCQVFDKEIEGEYVELKEPLKIPGCKALRPDDVVDPLLDRSDQQYEEYVKLGKEYTDFDGILINTWEDLEPETINALRYNELL
UGT73A24	-------QLHIFFFPMMAHGHMIPTLDMAKLFASR-GVKATIITTPLNESVFSK-AIQRNKHLEIEIRLIKFPAVEN-DLPEECERDEKLPNF-FKAVAMMQEPLEKLIQECRPNCLVSDMFLPWTTDSAAKFNIPRIVFHGTSFFALCVENSVRL--NKPFKNVSSDSETFVVPNLPKLTRTQVSPFERSGETAMTRMIKTVRESDSKSYGVVFNSFYELETDYVEHYTKVL--
UGT73A25	-------QLHFFFFPMMAQGHMIPTLDMAKLVASR-GVKATIITTPLNESVFSK-SIQRNKHLEIEIRLIKFPAIEN-DLPEECERDEKLPNF-FKATAMMQEPLEQLIEECRPNCLVSDMFLPWTTDSAAKFNIPRIVFHGTSFFALCVENSVRL--NKPFKNVSSDSETFVVPNLPKLTRTQVSPFEQSGETTMARMIKTVWESDSRSYGVVFNSFYELETDYVEHYTKVL--
UGT85A73	------TKPHAVCIPYPAQGHINPMLKLAKILHHK-GFHITFVNTEFNHRRLLKSRGPDSLKGLSSFRFETIRDGPPCEADATQDIPSLCESTTTTCLGPFKDLLAKLNNVPPVSCIVSDGVMSFTLAAAQELGVPEVLFWTTSACGLLGYMHYYKVIEKGYAPLKLETTLDFIPGMKDVRLRDLPSFLRTTDEFMIKFVLQETQRARKASAIILNTFETLEAEVLETLRNL---
UGT74B1	MAETTKVKGHVVILPYPVQGHLNPMVQFAKRLVSK-NVKVTIATTTYTASSITTP----------SLSVEPISDGDFIPIP-GFSVDTYSESFKLNGSETLTLLIEKFKTDSPIDCLIYDSFLPWGLEVARSMELSAASFFTNNLTVCSVLRKFSNGDFPL--PADPNSAPFRIRGLPSLSYDELPSFVGRHHPEHGRVLLNQFPNHENADWLFVNGFEGLEETQDCENGES--D
UGT74B1 mut H22A	MAETTKVKGHVVILPYPVQGALNPMVQFAKRLVSK-NVKVTIATTTYTASSITTP----------SLSVEPISDGDFIPIP-GFSVDTYSESFKLNGSETLTLLIEKFKTDSPIDCLIYDSFLPWGLEVARSMELSAASFFTNNLTVCSVLRKFSNGDFPL--PADPNSAPFRIRGLPSLSYDELPSFVGRHHPEHGRVLLNQFPNHENADWLFVNGFEGLEETQDCENGES--D
UGT74B1 mut D113A	MAETTKVKGHVVILPYPVQGHLNPMVQFAKRLVSK-NVKVTIATTTYTASSITTP----------SLSVEPISDGDFIPIP-GFSVDTYSESFKLNGSETLTLLIEKFKTDSPIDCLIYASFLPWGLEVARSMELSAASFFTNNLTVCSVLRKFSNGDFPL--PADPNSAPFRIRGLPSLSYDELPSFVGRHHPEHGRVLLNQFPNHENADWLFVNGFEGLEETQDCENGES--D
OAO89857.1	MTKPSTRDSHVAVLAFPFGTHAAPLLTVTRRLASASSTVFSFFNTAQSNSSLFSSG-DE-ADRPANIRVYDIADGPEGYVFSG-RPQEAIELFLQAAPENFRREIAKAEVGTEVKCLMTDAFFWFAADMATEINASWIAFWTAGANSLSAHLYTDLIRETIVKEVGMEETIGVISGMEKIRVKDTPEGVVFGDSVFSKMLHQMGLALPRATAVFINSFEDLDPTLTNNLRSR---
QCD86231.1	MEP---RPLHIAMYPWLAMGHQTAFLHLCNKLAIR-GHRISFITPTKAQAKLEPYNLH-----PHLITFVTVPHVEPPDAQTTADVTYPLQPNIMTAMDLTKDDVETLLTDLKPELVFYD-FTHWMPTLTKKLGIKAVHYCTASSVMIGYTLPPARYYQGIDLSSDLMEPPEGYPDSSKLHAHEARAFAGKRKDTFGSDVLRQFIALNEADVLAYRTCREIEGPYLDYIGSQ--F
BAG80544.1	-------RPHVLLVTFPAQGHINPSLQFAKRLIKL-GIEVTFATSVFAHRRMTKTAAS---TAPEGLNFVAFSDGDDGFKLDTDDGKRYMSEIRSRGSQTLRDIILKSSDGRPVTSLVYTLLLPWAAEVAREHHIPCALLWIQPAAVLDIYYYYFNGYEDEMKSTDDPTWRIQLPGLPLLKSQDLPSFLVASYSSALPTFKEQLDTLEENPKVLVNTFDALEPEALKAIEKY---
ALO19893.1	-------HKHILLFTYPVQGTINPSLQLAKQLIRM-GVKVTLVTCVSAHRRMPKTT-----TFPQGLTFASFSDGYDDGFKVGDDYEHLLSELKNRGSQKLAQLITASAEGNPVTGLVYTMLQTWVAKVAQSFHIPSTLLWTQPATIFHIFFYYFNGYGDTITSISDPSFFVELPVLPQLSKRDLPSFLDDSDTKSFKFLLHRFKEQEENPRILVNTFDALEPEALRAIDEK---
AQQ16706.1	-------TAELVFIPAPGMGHLVPTVEVAKQLVDRDQLSITVLIMSLPLETI-PSYTKSLSSETSRITLLPLSQPETSVSMSS-FNAINFFEYISSYKDRVKDAVNETFSSVKLKGFVIDMFCTAMIDVANEFGIPSYVFYTSSAAMLGLQLHFQSLSIECSPKVHDSESEVLISTYIPVPVKCLPGIILDND-ESSIMFVNHARRFRETKGIMVNTFAELESHALKALSDD-EK
AFJ52996.1	MSE---VKQHAVLLPLPAQGHVNPFMQLAKLLHSK-GFHITFVNTEYNHRRLIRTRGPEAVKGLSDFQFHTIPDGPPSDKDATQDPLSLCYSIQHDCLQPFLELLNKLNQIPPVSCIVSDGCMTFGIKAAELLGITQATFWTASACSFMGSLQFEQLVRRGISPLKLDLHLDWIPGMSNIRLKDLPSFATTTEDVMFKFAEIEIENCLKSGAIIFNTFDALEEQVLSAIKMD-YY
AHX56914.1	------KKLRILCSAMDSQGHVNAILGFAKILEQR-GHQVIMALAPGWKAAIEKKIVDSKSENEPSVNKDKKN---------SEAPNQQLIAIIKNQVQDFDDALQEVMDAVKPDMIVLDFMLR--LPCLEKSSIPWAQLFSCNPIMLYKDHCPPA-----------------TTGFPTDSPRELWNEYIALREVANKPIVDYINNWLTSRGVRPYAKGEMIPVGESKWLNF-YT
BAM28983.1	------QQRHVLLITYPAQGHINPALQFAQRLLRM-GIQVTLATSVYALSRMTKSSGS----TPKGLTFATFSDGDDGFRPKGVDHTEYMSSLAKQGSNTLRNVINTSAQGCPVTCLVYTLLLPWAATVARECHIPSALLWIQPVAVMDIYYYYFRGYEDDVKNSNDPTWSIQFPGLPSMKAKDLPSFILPSSDNIYSFALPTFKKQEERPKVLVNTFDALEPQALKAIESY---
